group,Time_min,AvgActivity
001_N2_NT_OAP,210,59
001_N2_NT_OAP,240,77
001_N2_NT_OAP,270,81
001_N2_NT_OAP,300,82
001_N2_NT_OAP,330,103
001_N2_NT_OAP,360,87
001_N2_NT_OAP,390,86
001_N2_NT_OAP,420,75
001_N2_NT_OAP,450,67
001_N2_NT_OAP,480,62
001_N2_NT_OAP,510,65
001_N2_NT_OAP,540,59
001_N2_NT_OAP,570,58
001_N2_NT_OAP,600,70
001_N2_NT_OAP,630,53
001_N2_NT_OAP,660,68
001_N2_NT_OAP,690,64
001_N2_NT_OAP,720,84
001_N2_NT_OAP,750,94
001_N2_NT_OAP,780,82
001_N2_NT_OAP,810,97
001_N2_NT_OAP,840,70
001_N2_NT_OAP,870,88
001_N2_NT_OAP,900,78
001_N2_NT_OAP,930,72
001_N2_NT_OAP,960,65
001_N2_NT_OAP,990,81
001_N2_NT_OAP,1020,87
001_N2_NT_OAP,1050,75
001_N2_NT_OAP,1080,79
001_N2_NT_OAP,1110,75
001_N2_NT_OAP,1140,81
001_N2_NT_OAP,1170,79
001_N2_NT_OAP,1200,64
001_N2_NT_OAP,1230,70
001_N2_NT_OAP,1260,72
001_N2_NT_OAP,1290,66
001_N2_NT_OAP,1320,69
001_N2_NT_OAP,1350,82
001_N2_NT_OAP,1380,75
001_N2_NT_OAP,1410,86
001_N2_NT_OAP,1440,87
001_N2_NT_OAP,1470,91
001_N2_NT_OAP,1500,114
001_N2_NT_OAP,1530,98
001_N2_NT_OAP,1560,101
001_N2_NT_OAP,1590,86
001_N2_NT_OAP,1620,96
001_N2_NT_OAP,1650,84
001_N2_NT_OAP,1680,94
001_N2_NT_OAP,1710,112
001_N2_NT_OAP,1740,78
001_N2_NT_OAP,1770,90
001_N2_NT_OAP,1800,75
001_N2_NT_OAP,1830,86
001_N2_NT_OAP,1860,81
001_N2_NT_OAP,1890,70
001_N2_NT_OAP,1920,59
001_N2_NT_OAP,1950,69
001_N2_NT_OAP,1980,70
001_N2_NT_OAP,2010,84
001_N2_NT_OAP,2040,69
001_N2_NT_OAP,2070,83
001_N2_NT_OAP,2100,82
001_N2_NT_OAP,2130,85
001_N2_NT_OAP,2160,83
001_N2_NT_OAP,2190,76
001_N2_NT_OAP,2220,86
001_N2_NT_OAP,2250,71
001_N2_NT_OAP,2280,94
001_N2_NT_OAP,2310,104
001_N2_NT_OAP,2340,116
001_N2_NT_OAP,2370,97
001_N2_NT_OAP,2400,92
001_N2_NT_OAP,2430,105
001_N2_NT_OAP,2460,88
001_N2_NT_OAP,2490,97
001_N2_NT_OAP,2520,71
001_N2_NT_OAP,2550,92
001_N2_NT_OAP,2580,79
001_N2_NT_OAP,2610,79
001_N2_NT_OAP,2640,74
001_N2_NT_OAP,2670,68
001_N2_NT_OAP,2700,70
001_N2_NT_OAP,2730,56
001_N2_NT_OAP,2760,60
001_N2_NT_OAP,2790,83
001_N2_NT_OAP,2820,66
001_N2_NT_OAP,2850,70
001_N2_NT_OAP,2880,67
001_N2_NT_OAP,2910,77
001_N2_NT_OAP,2940,84
001_N2_NT_OAP,2970,88
001_N2_NT_OAP,3000,75
001_N2_NT_OAP,3030,74
001_N2_NT_OAP,3060,57
001_N2_NT_OAP,3090,61
001_N2_NT_OAP,3120,61
001_N2_NT_OAP,3150,85
001_N2_NT_OAP,3180,65
001_N2_NT_OAP,3210,76
001_N2_NT_OAP,3240,63
001_N2_NT_OAP,3270,74
001_N2_NT_OAP,3300,66
001_N2_NT_OAP,3330,51
001_N2_NT_OAP,3360,45
001_N2_NT_OAP,3390,51
001_N2_NT_OAP,3420,56
001_N2_NT_OAP,3450,54
001_N2_NT_OAP,3480,32
001_N2_NT_OAP,3510,48
001_N2_NT_OAP,3540,43
001_N2_NT_OAP,3570,58
001_N2_NT_OAP,3600,39
001_N2_NT_OAP,3630,39
001_N2_NT_OAP,3660,50
001_N2_NT_OAP,3690,67
001_N2_NT_OAP,3720,52
001_N2_NT_OAP,3750,49
001_N2_NT_OAP,3780,43
001_N2_NT_OAP,3810,45
001_N2_NT_OAP,3840,50
001_N2_NT_OAP,3870,61
001_N2_NT_OAP,3900,53
001_N2_NT_OAP,3930,63
001_N2_NT_OAP,3960,62
001_N2_NT_OAP,3990,38
001_N2_NT_OAP,4020,54
001_N2_NT_OAP,4050,70
001_N2_NT_OAP,4080,44
001_N2_NT_OAP,4110,37
001_N2_NT_OAP,4140,42
001_N2_NT_OAP,4170,39
001_N2_NT_OAP,4200,40
001_N2_NT_OAP,4230,32
001_N2_NT_OAP,4260,41
001_N2_NT_OAP,4290,46
001_N2_NT_OAP,4320,46
001_N2_NT_OAP,4350,41
001_N2_NT_OAP,4380,60
001_N2_NT_OAP,4410,53
001_N2_NT_OAP,4440,52
001_N2_NT_OAP,4470,52
001_N2_NT_OAP,4500,46
001_N2_NT_OAP,4530,55
001_N2_NT_OAP,4560,41
001_N2_NT_OAP,4590,54
001_N2_NT_OAP,4620,41
001_N2_NT_OAP,4650,26
001_N2_NT_OAP,4680,40
001_N2_NT_OAP,4710,43
001_N2_NT_OAP,4740,38
001_N2_NT_OAP,4770,36
001_N2_NT_OAP,4800,42
001_N2_NT_OAP,4830,36
001_N2_NT_OAP,4860,44
001_N2_NT_OAP,4890,36
001_N2_NT_OAP,4920,36
001_N2_NT_OAP,4950,28
001_N2_NT_OAP,4980,40
001_N2_NT_OAP,5010,44
001_N2_NT_OAP,5040,52
001_N2_NT_OAP,5070,40
001_N2_NT_OAP,5100,46
001_N2_NT_OAP,5130,42
001_N2_NT_OAP,5160,51
001_N2_NT_OAP,5190,81
001_N2_NT_OAP,5220,78
001_N2_NT_OAP,5250,61
002_N2_ETOH_OAP,210,94
002_N2_ETOH_OAP,240,129
002_N2_ETOH_OAP,270,115
002_N2_ETOH_OAP,300,133
002_N2_ETOH_OAP,330,106
002_N2_ETOH_OAP,360,106
002_N2_ETOH_OAP,390,103
002_N2_ETOH_OAP,420,100
002_N2_ETOH_OAP,450,82
002_N2_ETOH_OAP,480,114
002_N2_ETOH_OAP,510,118
002_N2_ETOH_OAP,540,130
002_N2_ETOH_OAP,570,116
002_N2_ETOH_OAP,600,108
002_N2_ETOH_OAP,630,125
002_N2_ETOH_OAP,660,133
002_N2_ETOH_OAP,690,131
002_N2_ETOH_OAP,720,135
002_N2_ETOH_OAP,750,135
002_N2_ETOH_OAP,780,133
002_N2_ETOH_OAP,810,101
002_N2_ETOH_OAP,840,113
002_N2_ETOH_OAP,870,109
002_N2_ETOH_OAP,900,139
002_N2_ETOH_OAP,930,121
002_N2_ETOH_OAP,960,134
002_N2_ETOH_OAP,990,140
002_N2_ETOH_OAP,1020,139
002_N2_ETOH_OAP,1050,138
002_N2_ETOH_OAP,1080,146
002_N2_ETOH_OAP,1110,144
002_N2_ETOH_OAP,1140,138
002_N2_ETOH_OAP,1170,151
002_N2_ETOH_OAP,1200,142
002_N2_ETOH_OAP,1230,143
002_N2_ETOH_OAP,1260,168
002_N2_ETOH_OAP,1290,163
002_N2_ETOH_OAP,1320,149
002_N2_ETOH_OAP,1350,151
002_N2_ETOH_OAP,1380,162
002_N2_ETOH_OAP,1410,160
002_N2_ETOH_OAP,1440,146
002_N2_ETOH_OAP,1470,136
002_N2_ETOH_OAP,1500,156
002_N2_ETOH_OAP,1530,153
002_N2_ETOH_OAP,1560,133
002_N2_ETOH_OAP,1590,139
002_N2_ETOH_OAP,1620,142
002_N2_ETOH_OAP,1650,145
002_N2_ETOH_OAP,1680,142
002_N2_ETOH_OAP,1710,144
002_N2_ETOH_OAP,1740,144
002_N2_ETOH_OAP,1770,142
002_N2_ETOH_OAP,1800,150
002_N2_ETOH_OAP,1830,139
002_N2_ETOH_OAP,1860,142
002_N2_ETOH_OAP,1890,152
002_N2_ETOH_OAP,1920,165
002_N2_ETOH_OAP,1950,161
002_N2_ETOH_OAP,1980,137
002_N2_ETOH_OAP,2010,143
002_N2_ETOH_OAP,2040,149
002_N2_ETOH_OAP,2070,159
002_N2_ETOH_OAP,2100,141
002_N2_ETOH_OAP,2130,181
002_N2_ETOH_OAP,2160,160
002_N2_ETOH_OAP,2190,147
002_N2_ETOH_OAP,2220,155
002_N2_ETOH_OAP,2250,150
002_N2_ETOH_OAP,2280,131
002_N2_ETOH_OAP,2310,126
002_N2_ETOH_OAP,2340,126
002_N2_ETOH_OAP,2370,130
002_N2_ETOH_OAP,2400,127
002_N2_ETOH_OAP,2430,121
002_N2_ETOH_OAP,2460,148
002_N2_ETOH_OAP,2490,157
002_N2_ETOH_OAP,2520,141
002_N2_ETOH_OAP,2550,143
002_N2_ETOH_OAP,2580,147
002_N2_ETOH_OAP,2610,148
002_N2_ETOH_OAP,2640,126
002_N2_ETOH_OAP,2670,132
002_N2_ETOH_OAP,2700,128
002_N2_ETOH_OAP,2730,98
002_N2_ETOH_OAP,2760,123
002_N2_ETOH_OAP,2790,146
002_N2_ETOH_OAP,2820,137
002_N2_ETOH_OAP,2850,173
002_N2_ETOH_OAP,2880,128
002_N2_ETOH_OAP,2910,125
002_N2_ETOH_OAP,2940,141
002_N2_ETOH_OAP,2970,140
002_N2_ETOH_OAP,3000,133
002_N2_ETOH_OAP,3030,137
002_N2_ETOH_OAP,3060,137
002_N2_ETOH_OAP,3090,125
002_N2_ETOH_OAP,3120,142
002_N2_ETOH_OAP,3150,130
002_N2_ETOH_OAP,3180,115
002_N2_ETOH_OAP,3210,120
002_N2_ETOH_OAP,3240,147
002_N2_ETOH_OAP,3270,140
002_N2_ETOH_OAP,3300,119
002_N2_ETOH_OAP,3330,126
002_N2_ETOH_OAP,3360,119
002_N2_ETOH_OAP,3390,100
002_N2_ETOH_OAP,3420,107
002_N2_ETOH_OAP,3450,119
002_N2_ETOH_OAP,3480,138
002_N2_ETOH_OAP,3510,118
002_N2_ETOH_OAP,3540,127
002_N2_ETOH_OAP,3570,155
002_N2_ETOH_OAP,3600,162
002_N2_ETOH_OAP,3630,137
002_N2_ETOH_OAP,3660,133
002_N2_ETOH_OAP,3690,150
002_N2_ETOH_OAP,3720,154
002_N2_ETOH_OAP,3750,152
002_N2_ETOH_OAP,3780,154
002_N2_ETOH_OAP,3810,152
002_N2_ETOH_OAP,3840,149
002_N2_ETOH_OAP,3870,162
002_N2_ETOH_OAP,3900,138
002_N2_ETOH_OAP,3930,117
002_N2_ETOH_OAP,3960,133
002_N2_ETOH_OAP,3990,134
002_N2_ETOH_OAP,4020,117
002_N2_ETOH_OAP,4050,128
002_N2_ETOH_OAP,4080,147
002_N2_ETOH_OAP,4110,165
002_N2_ETOH_OAP,4140,137
002_N2_ETOH_OAP,4170,136
002_N2_ETOH_OAP,4200,122
002_N2_ETOH_OAP,4230,118
002_N2_ETOH_OAP,4260,102
002_N2_ETOH_OAP,4290,108
002_N2_ETOH_OAP,4320,106
002_N2_ETOH_OAP,4350,124
002_N2_ETOH_OAP,4380,127
002_N2_ETOH_OAP,4410,100
002_N2_ETOH_OAP,4440,106
002_N2_ETOH_OAP,4470,92
002_N2_ETOH_OAP,4500,92
002_N2_ETOH_OAP,4530,102
002_N2_ETOH_OAP,4560,104
002_N2_ETOH_OAP,4590,99
002_N2_ETOH_OAP,4620,82
002_N2_ETOH_OAP,4650,80
002_N2_ETOH_OAP,4680,85
002_N2_ETOH_OAP,4710,84
002_N2_ETOH_OAP,4740,97
002_N2_ETOH_OAP,4770,74
002_N2_ETOH_OAP,4800,77
002_N2_ETOH_OAP,4830,68
002_N2_ETOH_OAP,4860,57
002_N2_ETOH_OAP,4890,53
002_N2_ETOH_OAP,4920,50
002_N2_ETOH_OAP,4950,52
002_N2_ETOH_OAP,4980,65
002_N2_ETOH_OAP,5010,58
002_N2_ETOH_OAP,5040,72
002_N2_ETOH_OAP,5070,62
002_N2_ETOH_OAP,5100,58
002_N2_ETOH_OAP,5130,50
002_N2_ETOH_OAP,5160,72
002_N2_ETOH_OAP,5190,80
002_N2_ETOH_OAP,5220,70
002_N2_ETOH_OAP,5250,65
003_N2_RV_OAP,210,196
003_N2_RV_OAP,240,266
003_N2_RV_OAP,270,233
003_N2_RV_OAP,300,229
003_N2_RV_OAP,330,210
003_N2_RV_OAP,360,216
003_N2_RV_OAP,390,249
003_N2_RV_OAP,420,232
003_N2_RV_OAP,450,250
003_N2_RV_OAP,480,229
003_N2_RV_OAP,510,255
003_N2_RV_OAP,540,224
003_N2_RV_OAP,570,230
003_N2_RV_OAP,600,249
003_N2_RV_OAP,630,248
003_N2_RV_OAP,660,214
003_N2_RV_OAP,690,231
003_N2_RV_OAP,720,242
003_N2_RV_OAP,750,251
003_N2_RV_OAP,780,271
003_N2_RV_OAP,810,253
003_N2_RV_OAP,840,233
003_N2_RV_OAP,870,180
003_N2_RV_OAP,900,222
003_N2_RV_OAP,930,222
003_N2_RV_OAP,960,219
003_N2_RV_OAP,990,235
003_N2_RV_OAP,1020,219
003_N2_RV_OAP,1050,189
003_N2_RV_OAP,1080,181
003_N2_RV_OAP,1110,184
003_N2_RV_OAP,1140,201
003_N2_RV_OAP,1170,190
003_N2_RV_OAP,1200,191
003_N2_RV_OAP,1230,218
003_N2_RV_OAP,1260,207
003_N2_RV_OAP,1290,201
003_N2_RV_OAP,1320,206
003_N2_RV_OAP,1350,191
003_N2_RV_OAP,1380,199
003_N2_RV_OAP,1410,197
003_N2_RV_OAP,1440,196
003_N2_RV_OAP,1470,210
003_N2_RV_OAP,1500,213
003_N2_RV_OAP,1530,220
003_N2_RV_OAP,1560,194
003_N2_RV_OAP,1590,201
003_N2_RV_OAP,1620,183
003_N2_RV_OAP,1650,179
003_N2_RV_OAP,1680,178
003_N2_RV_OAP,1710,172
003_N2_RV_OAP,1740,169
003_N2_RV_OAP,1770,181
003_N2_RV_OAP,1800,191
003_N2_RV_OAP,1830,193
003_N2_RV_OAP,1860,174
003_N2_RV_OAP,1890,176
003_N2_RV_OAP,1920,201
003_N2_RV_OAP,1950,196
003_N2_RV_OAP,1980,181
003_N2_RV_OAP,2010,181
003_N2_RV_OAP,2040,189
003_N2_RV_OAP,2070,205
003_N2_RV_OAP,2100,196
003_N2_RV_OAP,2130,148
003_N2_RV_OAP,2160,173
003_N2_RV_OAP,2190,159
003_N2_RV_OAP,2220,160
003_N2_RV_OAP,2250,190
003_N2_RV_OAP,2280,201
003_N2_RV_OAP,2310,181
003_N2_RV_OAP,2340,172
003_N2_RV_OAP,2370,199
003_N2_RV_OAP,2400,185
003_N2_RV_OAP,2430,190
003_N2_RV_OAP,2460,184
003_N2_RV_OAP,2490,187
003_N2_RV_OAP,2520,198
003_N2_RV_OAP,2550,187
003_N2_RV_OAP,2580,182
003_N2_RV_OAP,2610,175
003_N2_RV_OAP,2640,177
003_N2_RV_OAP,2670,170
003_N2_RV_OAP,2700,158
003_N2_RV_OAP,2730,168
003_N2_RV_OAP,2760,175
003_N2_RV_OAP,2790,176
003_N2_RV_OAP,2820,170
003_N2_RV_OAP,2850,146
003_N2_RV_OAP,2880,134
003_N2_RV_OAP,2910,140
003_N2_RV_OAP,2940,139
003_N2_RV_OAP,2970,143
003_N2_RV_OAP,3000,170
003_N2_RV_OAP,3030,167
003_N2_RV_OAP,3060,168
003_N2_RV_OAP,3090,162
003_N2_RV_OAP,3120,162
003_N2_RV_OAP,3150,159
003_N2_RV_OAP,3180,164
003_N2_RV_OAP,3210,176
003_N2_RV_OAP,3240,179
003_N2_RV_OAP,3270,176
003_N2_RV_OAP,3300,159
003_N2_RV_OAP,3330,151
003_N2_RV_OAP,3360,146
003_N2_RV_OAP,3390,167
003_N2_RV_OAP,3420,170
003_N2_RV_OAP,3450,148
003_N2_RV_OAP,3480,140
003_N2_RV_OAP,3510,121
003_N2_RV_OAP,3540,156
003_N2_RV_OAP,3570,154
003_N2_RV_OAP,3600,144
003_N2_RV_OAP,3630,155
003_N2_RV_OAP,3660,148
003_N2_RV_OAP,3690,160
003_N2_RV_OAP,3720,147
003_N2_RV_OAP,3750,147
003_N2_RV_OAP,3780,162
003_N2_RV_OAP,3810,183
003_N2_RV_OAP,3840,147
003_N2_RV_OAP,3870,153
003_N2_RV_OAP,3900,142
003_N2_RV_OAP,3930,153
003_N2_RV_OAP,3960,149
003_N2_RV_OAP,3990,137
003_N2_RV_OAP,4020,132
003_N2_RV_OAP,4050,113
003_N2_RV_OAP,4080,114
003_N2_RV_OAP,4110,107
003_N2_RV_OAP,4140,115
003_N2_RV_OAP,4170,127
003_N2_RV_OAP,4200,122
003_N2_RV_OAP,4230,130
003_N2_RV_OAP,4260,123
003_N2_RV_OAP,4290,129
003_N2_RV_OAP,4320,128
003_N2_RV_OAP,4350,154
003_N2_RV_OAP,4380,132
003_N2_RV_OAP,4410,151
003_N2_RV_OAP,4440,146
003_N2_RV_OAP,4470,132
003_N2_RV_OAP,4500,134
003_N2_RV_OAP,4530,147
003_N2_RV_OAP,4560,134
003_N2_RV_OAP,4590,118
003_N2_RV_OAP,4620,122
003_N2_RV_OAP,4650,129
003_N2_RV_OAP,4680,139
003_N2_RV_OAP,4710,136
003_N2_RV_OAP,4740,126
003_N2_RV_OAP,4770,137
003_N2_RV_OAP,4800,131
003_N2_RV_OAP,4830,129
003_N2_RV_OAP,4860,124
003_N2_RV_OAP,4890,112
003_N2_RV_OAP,4920,113
003_N2_RV_OAP,4950,118
003_N2_RV_OAP,4980,110
003_N2_RV_OAP,5010,112
003_N2_RV_OAP,5040,121
003_N2_RV_OAP,5070,124
003_N2_RV_OAP,5100,121
003_N2_RV_OAP,5130,132
003_N2_RV_OAP,5160,114
003_N2_RV_OAP,5190,132
003_N2_RV_OAP,5220,135
003_N2_RV_OAP,5250,142
004_N2_YS_OAP,210,224
004_N2_YS_OAP,240,217
004_N2_YS_OAP,270,195
004_N2_YS_OAP,300,191
004_N2_YS_OAP,330,217
004_N2_YS_OAP,360,215
004_N2_YS_OAP,390,229
004_N2_YS_OAP,420,201
004_N2_YS_OAP,450,202
004_N2_YS_OAP,480,214
004_N2_YS_OAP,510,222
004_N2_YS_OAP,540,218
004_N2_YS_OAP,570,212
004_N2_YS_OAP,600,208
004_N2_YS_OAP,630,182
004_N2_YS_OAP,660,162
004_N2_YS_OAP,690,185
004_N2_YS_OAP,720,219
004_N2_YS_OAP,750,211
004_N2_YS_OAP,780,187
004_N2_YS_OAP,810,187
004_N2_YS_OAP,840,201
004_N2_YS_OAP,870,228
004_N2_YS_OAP,900,195
004_N2_YS_OAP,930,181
004_N2_YS_OAP,960,192
004_N2_YS_OAP,990,156
004_N2_YS_OAP,1020,179
004_N2_YS_OAP,1050,208
004_N2_YS_OAP,1080,173
004_N2_YS_OAP,1110,194
004_N2_YS_OAP,1140,193
004_N2_YS_OAP,1170,204
004_N2_YS_OAP,1200,206
004_N2_YS_OAP,1230,232
004_N2_YS_OAP,1260,219
004_N2_YS_OAP,1290,212
004_N2_YS_OAP,1320,208
004_N2_YS_OAP,1350,215
004_N2_YS_OAP,1380,224
004_N2_YS_OAP,1410,246
004_N2_YS_OAP,1440,237
004_N2_YS_OAP,1470,219
004_N2_YS_OAP,1500,226
004_N2_YS_OAP,1530,239
004_N2_YS_OAP,1560,218
004_N2_YS_OAP,1590,235
004_N2_YS_OAP,1620,222
004_N2_YS_OAP,1650,225
004_N2_YS_OAP,1680,204
004_N2_YS_OAP,1710,210
004_N2_YS_OAP,1740,195
004_N2_YS_OAP,1770,192
004_N2_YS_OAP,1800,187
004_N2_YS_OAP,1830,201
004_N2_YS_OAP,1860,200
004_N2_YS_OAP,1890,204
004_N2_YS_OAP,1920,220
004_N2_YS_OAP,1950,217
004_N2_YS_OAP,1980,218
004_N2_YS_OAP,2010,216
004_N2_YS_OAP,2040,206
004_N2_YS_OAP,2070,209
004_N2_YS_OAP,2100,220
004_N2_YS_OAP,2130,212
004_N2_YS_OAP,2160,196
004_N2_YS_OAP,2190,166
004_N2_YS_OAP,2220,171
004_N2_YS_OAP,2250,163
004_N2_YS_OAP,2280,177
004_N2_YS_OAP,2310,184
004_N2_YS_OAP,2340,188
004_N2_YS_OAP,2370,203
004_N2_YS_OAP,2400,194
004_N2_YS_OAP,2430,151
004_N2_YS_OAP,2460,170
004_N2_YS_OAP,2490,184
004_N2_YS_OAP,2520,199
004_N2_YS_OAP,2550,181
004_N2_YS_OAP,2580,158
004_N2_YS_OAP,2610,165
004_N2_YS_OAP,2640,170
004_N2_YS_OAP,2670,186
004_N2_YS_OAP,2700,193
004_N2_YS_OAP,2730,192
004_N2_YS_OAP,2760,178
004_N2_YS_OAP,2790,171
004_N2_YS_OAP,2820,168
004_N2_YS_OAP,2850,166
004_N2_YS_OAP,2880,198
004_N2_YS_OAP,2910,165
004_N2_YS_OAP,2940,163
004_N2_YS_OAP,2970,158
004_N2_YS_OAP,3000,168
004_N2_YS_OAP,3030,160
004_N2_YS_OAP,3060,175
004_N2_YS_OAP,3090,172
004_N2_YS_OAP,3120,195
004_N2_YS_OAP,3150,192
004_N2_YS_OAP,3180,192
004_N2_YS_OAP,3210,195
004_N2_YS_OAP,3240,195
004_N2_YS_OAP,3270,194
004_N2_YS_OAP,3300,202
004_N2_YS_OAP,3330,199
004_N2_YS_OAP,3360,186
004_N2_YS_OAP,3390,188
004_N2_YS_OAP,3420,179
004_N2_YS_OAP,3450,191
004_N2_YS_OAP,3480,179
004_N2_YS_OAP,3510,172
004_N2_YS_OAP,3540,176
004_N2_YS_OAP,3570,156
004_N2_YS_OAP,3600,155
004_N2_YS_OAP,3630,167
004_N2_YS_OAP,3660,149
004_N2_YS_OAP,3690,165
004_N2_YS_OAP,3720,156
004_N2_YS_OAP,3750,139
004_N2_YS_OAP,3780,160
004_N2_YS_OAP,3810,162
004_N2_YS_OAP,3840,176
004_N2_YS_OAP,3870,172
004_N2_YS_OAP,3900,157
004_N2_YS_OAP,3930,157
004_N2_YS_OAP,3960,138
004_N2_YS_OAP,3990,145
004_N2_YS_OAP,4020,159
004_N2_YS_OAP,4050,142
004_N2_YS_OAP,4080,136
004_N2_YS_OAP,4110,155
004_N2_YS_OAP,4140,142
004_N2_YS_OAP,4170,148
004_N2_YS_OAP,4200,156
004_N2_YS_OAP,4230,150
004_N2_YS_OAP,4260,144
004_N2_YS_OAP,4290,138
004_N2_YS_OAP,4320,130
004_N2_YS_OAP,4350,143
004_N2_YS_OAP,4380,152
004_N2_YS_OAP,4410,150
004_N2_YS_OAP,4440,143
004_N2_YS_OAP,4470,131
004_N2_YS_OAP,4500,137
004_N2_YS_OAP,4530,118
004_N2_YS_OAP,4560,150
004_N2_YS_OAP,4590,143
004_N2_YS_OAP,4620,132
004_N2_YS_OAP,4650,133
004_N2_YS_OAP,4680,130
004_N2_YS_OAP,4710,139
004_N2_YS_OAP,4740,110
004_N2_YS_OAP,4770,128
004_N2_YS_OAP,4800,132
004_N2_YS_OAP,4830,124
004_N2_YS_OAP,4860,133
004_N2_YS_OAP,4890,122
004_N2_YS_OAP,4920,109
004_N2_YS_OAP,4950,114
004_N2_YS_OAP,4980,116
004_N2_YS_OAP,5010,120
004_N2_YS_OAP,5040,114
004_N2_YS_OAP,5070,105
004_N2_YS_OAP,5100,103
004_N2_YS_OAP,5130,122
004_N2_YS_OAP,5160,120
004_N2_YS_OAP,5190,135
004_N2_YS_OAP,5220,140
004_N2_YS_OAP,5250,125
005_N2_NT_KID,210,242
005_N2_NT_KID,240,217
005_N2_NT_KID,270,213
005_N2_NT_KID,300,250
005_N2_NT_KID,330,249
005_N2_NT_KID,360,232
005_N2_NT_KID,390,243
005_N2_NT_KID,420,261
005_N2_NT_KID,450,253
005_N2_NT_KID,480,262
005_N2_NT_KID,510,302
005_N2_NT_KID,540,307
005_N2_NT_KID,570,280
005_N2_NT_KID,600,292
005_N2_NT_KID,630,292
005_N2_NT_KID,660,310
005_N2_NT_KID,690,309
005_N2_NT_KID,720,299
005_N2_NT_KID,750,325
005_N2_NT_KID,780,287
005_N2_NT_KID,810,278
005_N2_NT_KID,840,305
005_N2_NT_KID,870,291
005_N2_NT_KID,900,290
005_N2_NT_KID,930,298
005_N2_NT_KID,960,316
005_N2_NT_KID,990,327
005_N2_NT_KID,1020,302
005_N2_NT_KID,1050,301
005_N2_NT_KID,1080,284
005_N2_NT_KID,1110,283
005_N2_NT_KID,1140,300
005_N2_NT_KID,1170,287
005_N2_NT_KID,1200,291
005_N2_NT_KID,1230,260
005_N2_NT_KID,1260,322
005_N2_NT_KID,1290,313
005_N2_NT_KID,1320,293
005_N2_NT_KID,1350,292
005_N2_NT_KID,1380,303
005_N2_NT_KID,1410,296
005_N2_NT_KID,1440,335
005_N2_NT_KID,1470,316
005_N2_NT_KID,1500,330
005_N2_NT_KID,1530,339
005_N2_NT_KID,1560,343
005_N2_NT_KID,1590,308
005_N2_NT_KID,1620,303
005_N2_NT_KID,1650,314
005_N2_NT_KID,1680,310
005_N2_NT_KID,1710,329
005_N2_NT_KID,1740,323
005_N2_NT_KID,1770,309
005_N2_NT_KID,1800,305
005_N2_NT_KID,1830,320
005_N2_NT_KID,1860,312
005_N2_NT_KID,1890,303
005_N2_NT_KID,1920,308
005_N2_NT_KID,1950,331
005_N2_NT_KID,1980,321
005_N2_NT_KID,2010,334
005_N2_NT_KID,2040,326
005_N2_NT_KID,2070,316
005_N2_NT_KID,2100,312
005_N2_NT_KID,2130,316
005_N2_NT_KID,2160,305
005_N2_NT_KID,2190,303
005_N2_NT_KID,2220,288
005_N2_NT_KID,2250,316
005_N2_NT_KID,2280,290
005_N2_NT_KID,2310,305
005_N2_NT_KID,2340,308
005_N2_NT_KID,2370,311
005_N2_NT_KID,2400,296
005_N2_NT_KID,2430,296
005_N2_NT_KID,2460,316
005_N2_NT_KID,2490,305
005_N2_NT_KID,2520,291
005_N2_NT_KID,2550,279
005_N2_NT_KID,2580,312
005_N2_NT_KID,2610,304
005_N2_NT_KID,2640,291
005_N2_NT_KID,2670,283
005_N2_NT_KID,2700,292
005_N2_NT_KID,2730,289
005_N2_NT_KID,2760,287
005_N2_NT_KID,2790,292
005_N2_NT_KID,2820,295
005_N2_NT_KID,2850,298
005_N2_NT_KID,2880,269
005_N2_NT_KID,2910,279
005_N2_NT_KID,2940,278
005_N2_NT_KID,2970,284
005_N2_NT_KID,3000,273
005_N2_NT_KID,3030,285
005_N2_NT_KID,3060,290
005_N2_NT_KID,3090,278
005_N2_NT_KID,3120,270
005_N2_NT_KID,3150,280
005_N2_NT_KID,3180,256
005_N2_NT_KID,3210,261
005_N2_NT_KID,3240,265
005_N2_NT_KID,3270,287
005_N2_NT_KID,3300,266
005_N2_NT_KID,3330,254
005_N2_NT_KID,3360,263
005_N2_NT_KID,3390,249
005_N2_NT_KID,3420,250
005_N2_NT_KID,3450,268
005_N2_NT_KID,3480,256
005_N2_NT_KID,3510,239
005_N2_NT_KID,3540,267
005_N2_NT_KID,3570,272
005_N2_NT_KID,3600,268
005_N2_NT_KID,3630,255
005_N2_NT_KID,3660,245
005_N2_NT_KID,3690,257
005_N2_NT_KID,3720,285
005_N2_NT_KID,3750,268
005_N2_NT_KID,3780,259
005_N2_NT_KID,3810,267
005_N2_NT_KID,3840,266
005_N2_NT_KID,3870,246
005_N2_NT_KID,3900,249
005_N2_NT_KID,3930,250
005_N2_NT_KID,3960,258
005_N2_NT_KID,3990,238
005_N2_NT_KID,4020,245
005_N2_NT_KID,4050,265
005_N2_NT_KID,4080,259
005_N2_NT_KID,4110,244
005_N2_NT_KID,4140,240
005_N2_NT_KID,4170,258
005_N2_NT_KID,4200,250
005_N2_NT_KID,4230,244
005_N2_NT_KID,4260,215
005_N2_NT_KID,4290,224
005_N2_NT_KID,4320,240
005_N2_NT_KID,4350,242
005_N2_NT_KID,4380,216
005_N2_NT_KID,4410,222
005_N2_NT_KID,4440,222
005_N2_NT_KID,4470,220
005_N2_NT_KID,4500,198
005_N2_NT_KID,4530,252
005_N2_NT_KID,4560,230
005_N2_NT_KID,4590,236
005_N2_NT_KID,4620,230
005_N2_NT_KID,4650,213
005_N2_NT_KID,4680,217
005_N2_NT_KID,4710,207
005_N2_NT_KID,4740,225
005_N2_NT_KID,4770,219
005_N2_NT_KID,4800,210
005_N2_NT_KID,4830,222
005_N2_NT_KID,4860,219
005_N2_NT_KID,4890,206
005_N2_NT_KID,4920,235
005_N2_NT_KID,4950,237
005_N2_NT_KID,4980,231
005_N2_NT_KID,5010,188
005_N2_NT_KID,5040,225
005_N2_NT_KID,5070,214
005_N2_NT_KID,5100,222
005_N2_NT_KID,5130,224
005_N2_NT_KID,5160,226
005_N2_NT_KID,5190,240
005_N2_NT_KID,5220,228
005_N2_NT_KID,5250,202
006_N2_ETOH_KID,210,234
006_N2_ETOH_KID,240,280
006_N2_ETOH_KID,270,268
006_N2_ETOH_KID,300,289
006_N2_ETOH_KID,330,253
006_N2_ETOH_KID,360,302
006_N2_ETOH_KID,390,280
006_N2_ETOH_KID,420,277
006_N2_ETOH_KID,450,278
006_N2_ETOH_KID,480,265
006_N2_ETOH_KID,510,297
006_N2_ETOH_KID,540,217
006_N2_ETOH_KID,570,265
006_N2_ETOH_KID,600,269
006_N2_ETOH_KID,630,252
006_N2_ETOH_KID,660,256
006_N2_ETOH_KID,690,236
006_N2_ETOH_KID,720,259
006_N2_ETOH_KID,750,236
006_N2_ETOH_KID,780,233
006_N2_ETOH_KID,810,226
006_N2_ETOH_KID,840,200
006_N2_ETOH_KID,870,209
006_N2_ETOH_KID,900,208
006_N2_ETOH_KID,930,224
006_N2_ETOH_KID,960,224
006_N2_ETOH_KID,990,230
006_N2_ETOH_KID,1020,212
006_N2_ETOH_KID,1050,194
006_N2_ETOH_KID,1080,192
006_N2_ETOH_KID,1110,194
006_N2_ETOH_KID,1140,188
006_N2_ETOH_KID,1170,194
006_N2_ETOH_KID,1200,170
006_N2_ETOH_KID,1230,177
006_N2_ETOH_KID,1260,162
006_N2_ETOH_KID,1290,170
006_N2_ETOH_KID,1320,162
006_N2_ETOH_KID,1350,160
006_N2_ETOH_KID,1380,164
006_N2_ETOH_KID,1410,178
006_N2_ETOH_KID,1440,172
006_N2_ETOH_KID,1470,170
006_N2_ETOH_KID,1500,171
006_N2_ETOH_KID,1530,157
006_N2_ETOH_KID,1560,137
006_N2_ETOH_KID,1590,135
006_N2_ETOH_KID,1620,126
006_N2_ETOH_KID,1650,120
006_N2_ETOH_KID,1680,110
006_N2_ETOH_KID,1710,102
006_N2_ETOH_KID,1740,88
006_N2_ETOH_KID,1770,110
006_N2_ETOH_KID,1800,114
006_N2_ETOH_KID,1830,97
006_N2_ETOH_KID,1860,85
006_N2_ETOH_KID,1890,96
006_N2_ETOH_KID,1920,96
006_N2_ETOH_KID,1950,80
006_N2_ETOH_KID,1980,72
006_N2_ETOH_KID,2010,75
006_N2_ETOH_KID,2040,74
006_N2_ETOH_KID,2070,87
006_N2_ETOH_KID,2100,58
006_N2_ETOH_KID,2130,69
006_N2_ETOH_KID,2160,66
006_N2_ETOH_KID,2190,67
006_N2_ETOH_KID,2220,55
006_N2_ETOH_KID,2250,64
006_N2_ETOH_KID,2280,83
006_N2_ETOH_KID,2310,87
006_N2_ETOH_KID,2340,85
006_N2_ETOH_KID,2370,102
006_N2_ETOH_KID,2400,108
006_N2_ETOH_KID,2430,97
006_N2_ETOH_KID,2460,97
006_N2_ETOH_KID,2490,96
006_N2_ETOH_KID,2520,85
006_N2_ETOH_KID,2550,90
006_N2_ETOH_KID,2580,92
006_N2_ETOH_KID,2610,107
006_N2_ETOH_KID,2640,96
006_N2_ETOH_KID,2670,104
006_N2_ETOH_KID,2700,95
006_N2_ETOH_KID,2730,120
006_N2_ETOH_KID,2760,96
006_N2_ETOH_KID,2790,108
006_N2_ETOH_KID,2820,89
006_N2_ETOH_KID,2850,81
006_N2_ETOH_KID,2880,80
006_N2_ETOH_KID,2910,91
006_N2_ETOH_KID,2940,102
006_N2_ETOH_KID,2970,99
006_N2_ETOH_KID,3000,90
006_N2_ETOH_KID,3030,94
006_N2_ETOH_KID,3060,97
006_N2_ETOH_KID,3090,90
006_N2_ETOH_KID,3120,92
006_N2_ETOH_KID,3150,84
006_N2_ETOH_KID,3180,92
006_N2_ETOH_KID,3210,92
006_N2_ETOH_KID,3240,99
006_N2_ETOH_KID,3270,100
006_N2_ETOH_KID,3300,123
006_N2_ETOH_KID,3330,110
006_N2_ETOH_KID,3360,120
006_N2_ETOH_KID,3390,121
006_N2_ETOH_KID,3420,131
006_N2_ETOH_KID,3450,125
006_N2_ETOH_KID,3480,121
006_N2_ETOH_KID,3510,122
006_N2_ETOH_KID,3540,122
006_N2_ETOH_KID,3570,119
006_N2_ETOH_KID,3600,137
006_N2_ETOH_KID,3630,147
006_N2_ETOH_KID,3660,137
006_N2_ETOH_KID,3690,142
006_N2_ETOH_KID,3720,124
006_N2_ETOH_KID,3750,143
006_N2_ETOH_KID,3780,153
006_N2_ETOH_KID,3810,137
006_N2_ETOH_KID,3840,120
006_N2_ETOH_KID,3870,122
006_N2_ETOH_KID,3900,130
006_N2_ETOH_KID,3930,155
006_N2_ETOH_KID,3960,140
006_N2_ETOH_KID,3990,138
006_N2_ETOH_KID,4020,158
006_N2_ETOH_KID,4050,130
006_N2_ETOH_KID,4080,158
006_N2_ETOH_KID,4110,149
006_N2_ETOH_KID,4140,145
006_N2_ETOH_KID,4170,139
006_N2_ETOH_KID,4200,136
006_N2_ETOH_KID,4230,148
006_N2_ETOH_KID,4260,152
006_N2_ETOH_KID,4290,141
006_N2_ETOH_KID,4320,152
006_N2_ETOH_KID,4350,159
006_N2_ETOH_KID,4380,178
006_N2_ETOH_KID,4410,171
006_N2_ETOH_KID,4440,194
006_N2_ETOH_KID,4470,169
006_N2_ETOH_KID,4500,172
006_N2_ETOH_KID,4530,160
006_N2_ETOH_KID,4560,148
006_N2_ETOH_KID,4590,188
006_N2_ETOH_KID,4620,182
006_N2_ETOH_KID,4650,176
006_N2_ETOH_KID,4680,176
006_N2_ETOH_KID,4710,190
006_N2_ETOH_KID,4740,153
006_N2_ETOH_KID,4770,176
006_N2_ETOH_KID,4800,183
006_N2_ETOH_KID,4830,174
006_N2_ETOH_KID,4860,177
006_N2_ETOH_KID,4890,187
006_N2_ETOH_KID,4920,184
006_N2_ETOH_KID,4950,179
006_N2_ETOH_KID,4980,198
006_N2_ETOH_KID,5010,169
006_N2_ETOH_KID,5040,167
006_N2_ETOH_KID,5070,207
006_N2_ETOH_KID,5100,183
006_N2_ETOH_KID,5130,173
006_N2_ETOH_KID,5160,175
006_N2_ETOH_KID,5190,169
006_N2_ETOH_KID,5220,164
006_N2_ETOH_KID,5250,168
007_N2_RV_KID,210,327
007_N2_RV_KID,240,328
007_N2_RV_KID,270,335
007_N2_RV_KID,300,333
007_N2_RV_KID,330,335
007_N2_RV_KID,360,344
007_N2_RV_KID,390,346
007_N2_RV_KID,420,369
007_N2_RV_KID,450,355
007_N2_RV_KID,480,349
007_N2_RV_KID,510,361
007_N2_RV_KID,540,353
007_N2_RV_KID,570,347
007_N2_RV_KID,600,355
007_N2_RV_KID,630,355
007_N2_RV_KID,660,353
007_N2_RV_KID,690,348
007_N2_RV_KID,720,349
007_N2_RV_KID,750,348
007_N2_RV_KID,780,376
007_N2_RV_KID,810,379
007_N2_RV_KID,840,361
007_N2_RV_KID,870,353
007_N2_RV_KID,900,378
007_N2_RV_KID,930,360
007_N2_RV_KID,960,323
007_N2_RV_KID,990,353
007_N2_RV_KID,1020,352
007_N2_RV_KID,1050,332
007_N2_RV_KID,1080,310
007_N2_RV_KID,1110,306
007_N2_RV_KID,1140,302
007_N2_RV_KID,1170,314
007_N2_RV_KID,1200,306
007_N2_RV_KID,1230,297
007_N2_RV_KID,1260,294
007_N2_RV_KID,1290,300
007_N2_RV_KID,1320,299
007_N2_RV_KID,1350,296
007_N2_RV_KID,1380,287
007_N2_RV_KID,1410,294
007_N2_RV_KID,1440,317
007_N2_RV_KID,1470,343
007_N2_RV_KID,1500,306
007_N2_RV_KID,1530,342
007_N2_RV_KID,1560,329
007_N2_RV_KID,1590,333
007_N2_RV_KID,1620,314
007_N2_RV_KID,1650,309
007_N2_RV_KID,1680,304
007_N2_RV_KID,1710,292
007_N2_RV_KID,1740,294
007_N2_RV_KID,1770,301
007_N2_RV_KID,1800,297
007_N2_RV_KID,1830,282
007_N2_RV_KID,1860,284
007_N2_RV_KID,1890,268
007_N2_RV_KID,1920,291
007_N2_RV_KID,1950,296
007_N2_RV_KID,1980,292
007_N2_RV_KID,2010,298
007_N2_RV_KID,2040,292
007_N2_RV_KID,2070,321
007_N2_RV_KID,2100,286
007_N2_RV_KID,2130,289
007_N2_RV_KID,2160,290
007_N2_RV_KID,2190,296
007_N2_RV_KID,2220,299
007_N2_RV_KID,2250,324
007_N2_RV_KID,2280,314
007_N2_RV_KID,2310,300
007_N2_RV_KID,2340,306
007_N2_RV_KID,2370,332
007_N2_RV_KID,2400,330
007_N2_RV_KID,2430,295
007_N2_RV_KID,2460,308
007_N2_RV_KID,2490,290
007_N2_RV_KID,2520,281
007_N2_RV_KID,2550,279
007_N2_RV_KID,2580,267
007_N2_RV_KID,2610,261
007_N2_RV_KID,2640,262
007_N2_RV_KID,2670,257
007_N2_RV_KID,2700,250
007_N2_RV_KID,2730,270
007_N2_RV_KID,2760,253
007_N2_RV_KID,2790,250
007_N2_RV_KID,2820,264
007_N2_RV_KID,2850,238
007_N2_RV_KID,2880,246
007_N2_RV_KID,2910,229
007_N2_RV_KID,2940,246
007_N2_RV_KID,2970,247
007_N2_RV_KID,3000,254
007_N2_RV_KID,3030,241
007_N2_RV_KID,3060,246
007_N2_RV_KID,3090,256
007_N2_RV_KID,3120,262
007_N2_RV_KID,3150,252
007_N2_RV_KID,3180,255
007_N2_RV_KID,3210,247
007_N2_RV_KID,3240,258
007_N2_RV_KID,3270,248
007_N2_RV_KID,3300,248
007_N2_RV_KID,3330,254
007_N2_RV_KID,3360,262
007_N2_RV_KID,3390,252
007_N2_RV_KID,3420,260
007_N2_RV_KID,3450,257
007_N2_RV_KID,3480,265
007_N2_RV_KID,3510,265
007_N2_RV_KID,3540,254
007_N2_RV_KID,3570,251
007_N2_RV_KID,3600,236
007_N2_RV_KID,3630,254
007_N2_RV_KID,3660,269
007_N2_RV_KID,3690,268
007_N2_RV_KID,3720,255
007_N2_RV_KID,3750,251
007_N2_RV_KID,3780,265
007_N2_RV_KID,3810,287
007_N2_RV_KID,3840,294
007_N2_RV_KID,3870,266
007_N2_RV_KID,3900,255
007_N2_RV_KID,3930,262
007_N2_RV_KID,3960,259
007_N2_RV_KID,3990,247
007_N2_RV_KID,4020,241
007_N2_RV_KID,4050,241
007_N2_RV_KID,4080,247
007_N2_RV_KID,4110,246
007_N2_RV_KID,4140,240
007_N2_RV_KID,4170,236
007_N2_RV_KID,4200,224
007_N2_RV_KID,4230,240
007_N2_RV_KID,4260,232
007_N2_RV_KID,4290,230
007_N2_RV_KID,4320,221
007_N2_RV_KID,4350,239
007_N2_RV_KID,4380,235
007_N2_RV_KID,4410,232
007_N2_RV_KID,4440,224
007_N2_RV_KID,4470,223
007_N2_RV_KID,4500,237
007_N2_RV_KID,4530,240
007_N2_RV_KID,4560,241
007_N2_RV_KID,4590,232
007_N2_RV_KID,4620,257
007_N2_RV_KID,4650,236
007_N2_RV_KID,4680,223
007_N2_RV_KID,4710,218
007_N2_RV_KID,4740,237
007_N2_RV_KID,4770,235
007_N2_RV_KID,4800,235
007_N2_RV_KID,4830,244
007_N2_RV_KID,4860,233
007_N2_RV_KID,4890,220
007_N2_RV_KID,4920,237
007_N2_RV_KID,4950,226
007_N2_RV_KID,4980,221
007_N2_RV_KID,5010,221
007_N2_RV_KID,5040,218
007_N2_RV_KID,5070,226
007_N2_RV_KID,5100,241
007_N2_RV_KID,5130,225
007_N2_RV_KID,5160,238
007_N2_RV_KID,5190,245
007_N2_RV_KID,5220,239
007_N2_RV_KID,5250,229
008_NT_YS_KID,210,493
008_NT_YS_KID,240,469
008_NT_YS_KID,270,452
008_NT_YS_KID,300,426
008_NT_YS_KID,330,436
008_NT_YS_KID,360,415
008_NT_YS_KID,390,416
008_NT_YS_KID,420,430
008_NT_YS_KID,450,440
008_NT_YS_KID,480,438
008_NT_YS_KID,510,438
008_NT_YS_KID,540,434
008_NT_YS_KID,570,449
008_NT_YS_KID,600,431
008_NT_YS_KID,630,437
008_NT_YS_KID,660,437
008_NT_YS_KID,690,450
008_NT_YS_KID,720,445
008_NT_YS_KID,750,465
008_NT_YS_KID,780,451
008_NT_YS_KID,810,453
008_NT_YS_KID,840,459
008_NT_YS_KID,870,454
008_NT_YS_KID,900,469
008_NT_YS_KID,930,441
008_NT_YS_KID,960,444
008_NT_YS_KID,990,450
008_NT_YS_KID,1020,465
008_NT_YS_KID,1050,452
008_NT_YS_KID,1080,434
008_NT_YS_KID,1110,455
008_NT_YS_KID,1140,424
008_NT_YS_KID,1170,435
008_NT_YS_KID,1200,443
008_NT_YS_KID,1230,426
008_NT_YS_KID,1260,437
008_NT_YS_KID,1290,408
008_NT_YS_KID,1320,437
008_NT_YS_KID,1350,428
008_NT_YS_KID,1380,417
008_NT_YS_KID,1410,433
008_NT_YS_KID,1440,443
008_NT_YS_KID,1470,416
008_NT_YS_KID,1500,451
008_NT_YS_KID,1530,448
008_NT_YS_KID,1560,448
008_NT_YS_KID,1590,437
008_NT_YS_KID,1620,422
008_NT_YS_KID,1650,422
008_NT_YS_KID,1680,429
008_NT_YS_KID,1710,420
008_NT_YS_KID,1740,409
008_NT_YS_KID,1770,371
008_NT_YS_KID,1800,393
008_NT_YS_KID,1830,413
008_NT_YS_KID,1860,411
008_NT_YS_KID,1890,402
008_NT_YS_KID,1920,382
008_NT_YS_KID,1950,402
008_NT_YS_KID,1980,407
008_NT_YS_KID,2010,419
008_NT_YS_KID,2040,411
008_NT_YS_KID,2070,408
008_NT_YS_KID,2100,399
008_NT_YS_KID,2130,385
008_NT_YS_KID,2160,400
008_NT_YS_KID,2190,395
008_NT_YS_KID,2220,366
008_NT_YS_KID,2250,390
008_NT_YS_KID,2280,386
008_NT_YS_KID,2310,357
008_NT_YS_KID,2340,379
008_NT_YS_KID,2370,424
008_NT_YS_KID,2400,409
008_NT_YS_KID,2430,373
008_NT_YS_KID,2460,363
008_NT_YS_KID,2490,372
008_NT_YS_KID,2520,346
008_NT_YS_KID,2550,353
008_NT_YS_KID,2580,346
008_NT_YS_KID,2610,341
008_NT_YS_KID,2640,330
008_NT_YS_KID,2670,315
008_NT_YS_KID,2700,326
008_NT_YS_KID,2730,304
008_NT_YS_KID,2760,314
008_NT_YS_KID,2790,320
008_NT_YS_KID,2820,346
008_NT_YS_KID,2850,318
008_NT_YS_KID,2880,305
008_NT_YS_KID,2910,308
008_NT_YS_KID,2940,316
008_NT_YS_KID,2970,282
008_NT_YS_KID,3000,295
008_NT_YS_KID,3030,317
008_NT_YS_KID,3060,309
008_NT_YS_KID,3090,282
008_NT_YS_KID,3120,287
008_NT_YS_KID,3150,304
008_NT_YS_KID,3180,296
008_NT_YS_KID,3210,272
008_NT_YS_KID,3240,260
008_NT_YS_KID,3270,258
008_NT_YS_KID,3300,261
008_NT_YS_KID,3330,284
008_NT_YS_KID,3360,265
008_NT_YS_KID,3390,270
008_NT_YS_KID,3420,291
008_NT_YS_KID,3450,265
008_NT_YS_KID,3480,259
008_NT_YS_KID,3510,298
008_NT_YS_KID,3540,274
008_NT_YS_KID,3570,266
008_NT_YS_KID,3600,274
008_NT_YS_KID,3630,286
008_NT_YS_KID,3660,274
008_NT_YS_KID,3690,271
008_NT_YS_KID,3720,262
008_NT_YS_KID,3750,256
008_NT_YS_KID,3780,275
008_NT_YS_KID,3810,298
008_NT_YS_KID,3840,310
008_NT_YS_KID,3870,306
008_NT_YS_KID,3900,286
008_NT_YS_KID,3930,282
008_NT_YS_KID,3960,258
008_NT_YS_KID,3990,257
008_NT_YS_KID,4020,258
008_NT_YS_KID,4050,250
008_NT_YS_KID,4080,241
008_NT_YS_KID,4110,234
008_NT_YS_KID,4140,236
008_NT_YS_KID,4170,232
008_NT_YS_KID,4200,234
008_NT_YS_KID,4230,214
008_NT_YS_KID,4260,216
008_NT_YS_KID,4290,212
008_NT_YS_KID,4320,218
008_NT_YS_KID,4350,217
008_NT_YS_KID,4380,209
008_NT_YS_KID,4410,179
008_NT_YS_KID,4440,186
008_NT_YS_KID,4470,193
008_NT_YS_KID,4500,190
008_NT_YS_KID,4530,185
008_NT_YS_KID,4560,180
008_NT_YS_KID,4590,175
008_NT_YS_KID,4620,177
008_NT_YS_KID,4650,184
008_NT_YS_KID,4680,163
008_NT_YS_KID,4710,170
008_NT_YS_KID,4740,196
008_NT_YS_KID,4770,184
008_NT_YS_KID,4800,171
008_NT_YS_KID,4830,181
008_NT_YS_KID,4860,172
008_NT_YS_KID,4890,197
008_NT_YS_KID,4920,203
008_NT_YS_KID,4950,176
008_NT_YS_KID,4980,168
008_NT_YS_KID,5010,162
008_NT_YS_KID,5040,184
008_NT_YS_KID,5070,189
008_NT_YS_KID,5100,196
008_NT_YS_KID,5130,194
008_NT_YS_KID,5160,177
008_NT_YS_KID,5190,186
008_NT_YS_KID,5220,192
008_NT_YS_KID,5250,173
001_N2_NT_OAP,210,10.3
001_N2_NT_OAP,240,11.3
001_N2_NT_OAP,270,9.9
001_N2_NT_OAP,300,10.3
001_N2_NT_OAP,330,20.5
001_N2_NT_OAP,360,12.4
001_N2_NT_OAP,390,15.6
001_N2_NT_OAP,420,18.7
001_N2_NT_OAP,450,13.1
001_N2_NT_OAP,480,17.3
001_N2_NT_OAP,510,15.9
001_N2_NT_OAP,540,13.4
001_N2_NT_OAP,570,15.2
001_N2_NT_OAP,600,15.2
001_N2_NT_OAP,630,12
001_N2_NT_OAP,660,17.7
001_N2_NT_OAP,690,18.7
001_N2_NT_OAP,720,21.2
001_N2_NT_OAP,750,23
001_N2_NT_OAP,780,17.3
001_N2_NT_OAP,810,29.7
001_N2_NT_OAP,840,12
001_N2_NT_OAP,870,17.7
001_N2_NT_OAP,900,18.7
001_N2_NT_OAP,930,15.6
001_N2_NT_OAP,960,14.1
001_N2_NT_OAP,990,12.4
001_N2_NT_OAP,1020,19.4
001_N2_NT_OAP,1050,14.5
001_N2_NT_OAP,1080,13.1
001_N2_NT_OAP,1110,17.3
001_N2_NT_OAP,1140,24.4
001_N2_NT_OAP,1170,18.4
001_N2_NT_OAP,1200,21.6
001_N2_NT_OAP,1230,16.6
001_N2_NT_OAP,1260,17.7
001_N2_NT_OAP,1290,17.7
001_N2_NT_OAP,1320,14.5
001_N2_NT_OAP,1350,18.4
001_N2_NT_OAP,1380,17.3
001_N2_NT_OAP,1410,17.7
001_N2_NT_OAP,1440,16.6
001_N2_NT_OAP,1470,17.3
001_N2_NT_OAP,1500,19.1
001_N2_NT_OAP,1530,12.7
001_N2_NT_OAP,1560,20.5
001_N2_NT_OAP,1590,17.3
001_N2_NT_OAP,1620,20.2
001_N2_NT_OAP,1650,9.9
001_N2_NT_OAP,1680,15.6
001_N2_NT_OAP,1710,24.4
001_N2_NT_OAP,1740,16.3
001_N2_NT_OAP,1770,21.2
001_N2_NT_OAP,1800,14.1
001_N2_NT_OAP,1830,12.4
001_N2_NT_OAP,1860,9.2
001_N2_NT_OAP,1890,13.4
001_N2_NT_OAP,1920,12.4
001_N2_NT_OAP,1950,9.2
001_N2_NT_OAP,1980,16.6
001_N2_NT_OAP,2010,16.3
001_N2_NT_OAP,2040,12.4
001_N2_NT_OAP,2070,11
001_N2_NT_OAP,2100,19.4
001_N2_NT_OAP,2130,14.5
001_N2_NT_OAP,2160,14.1
001_N2_NT_OAP,2190,9.9
001_N2_NT_OAP,2220,11.7
001_N2_NT_OAP,2250,17
001_N2_NT_OAP,2280,16.6
001_N2_NT_OAP,2310,18.7
001_N2_NT_OAP,2340,19.8
001_N2_NT_OAP,2370,13.1
001_N2_NT_OAP,2400,16.3
001_N2_NT_OAP,2430,12.4
001_N2_NT_OAP,2460,14.5
001_N2_NT_OAP,2490,14.1
001_N2_NT_OAP,2520,9.2
001_N2_NT_OAP,2550,15.2
001_N2_NT_OAP,2580,17.7
001_N2_NT_OAP,2610,12
001_N2_NT_OAP,2640,15.9
001_N2_NT_OAP,2670,16.3
001_N2_NT_OAP,2700,15.2
001_N2_NT_OAP,2730,13.8
001_N2_NT_OAP,2760,18.4
001_N2_NT_OAP,2790,17
001_N2_NT_OAP,2820,14.8
001_N2_NT_OAP,2850,15.2
001_N2_NT_OAP,2880,8.8
001_N2_NT_OAP,2910,18.7
001_N2_NT_OAP,2940,19.4
001_N2_NT_OAP,2970,18
001_N2_NT_OAP,3000,14.5
001_N2_NT_OAP,3030,22.3
001_N2_NT_OAP,3060,14.1
001_N2_NT_OAP,3090,11.7
001_N2_NT_OAP,3120,15.2
001_N2_NT_OAP,3150,16.6
001_N2_NT_OAP,3180,15.9
001_N2_NT_OAP,3210,18.4
001_N2_NT_OAP,3240,12
001_N2_NT_OAP,3270,18.7
001_N2_NT_OAP,3300,17.3
001_N2_NT_OAP,3330,10.6
001_N2_NT_OAP,3360,14.1
001_N2_NT_OAP,3390,12.7
001_N2_NT_OAP,3420,15.6
001_N2_NT_OAP,3450,13.1
001_N2_NT_OAP,3480,8.1
001_N2_NT_OAP,3510,13.8
001_N2_NT_OAP,3540,11.7
001_N2_NT_OAP,3570,10.3
001_N2_NT_OAP,3600,10.6
001_N2_NT_OAP,3630,15.9
001_N2_NT_OAP,3660,15.6
001_N2_NT_OAP,3690,14.5
001_N2_NT_OAP,3720,14.8
001_N2_NT_OAP,3750,14.5
001_N2_NT_OAP,3780,12
001_N2_NT_OAP,3810,10.6
001_N2_NT_OAP,3840,12
001_N2_NT_OAP,3870,16.6
001_N2_NT_OAP,3900,13.1
001_N2_NT_OAP,3930,13.8
001_N2_NT_OAP,3960,27.6
001_N2_NT_OAP,3990,11.7
001_N2_NT_OAP,4020,18
001_N2_NT_OAP,4050,28.6
001_N2_NT_OAP,4080,12.4
001_N2_NT_OAP,4110,12
001_N2_NT_OAP,4140,14.1
001_N2_NT_OAP,4170,11
001_N2_NT_OAP,4200,11.7
001_N2_NT_OAP,4230,6.4
001_N2_NT_OAP,4260,9.9
001_N2_NT_OAP,4290,11.3
001_N2_NT_OAP,4320,12
001_N2_NT_OAP,4350,13.1
001_N2_NT_OAP,4380,19.4
001_N2_NT_OAP,4410,16.6
001_N2_NT_OAP,4440,14.5
001_N2_NT_OAP,4470,14.5
001_N2_NT_OAP,4500,13.8
001_N2_NT_OAP,4530,14.5
001_N2_NT_OAP,4560,11
001_N2_NT_OAP,4590,13.8
001_N2_NT_OAP,4620,13.4
001_N2_NT_OAP,4650,6.7
001_N2_NT_OAP,4680,10.3
001_N2_NT_OAP,4710,8.5
001_N2_NT_OAP,4740,11.3
001_N2_NT_OAP,4770,12.4
001_N2_NT_OAP,4800,13.1
001_N2_NT_OAP,4830,15.2
001_N2_NT_OAP,4860,13.1
001_N2_NT_OAP,4890,14.5
001_N2_NT_OAP,4920,11
001_N2_NT_OAP,4950,7.1
001_N2_NT_OAP,4980,13.8
001_N2_NT_OAP,5010,15.9
001_N2_NT_OAP,5040,13.1
001_N2_NT_OAP,5070,12
001_N2_NT_OAP,5100,12.7
001_N2_NT_OAP,5130,9.9
001_N2_NT_OAP,5160,14.1
001_N2_NT_OAP,5190,24
001_N2_NT_OAP,5220,22.6
001_N2_NT_OAP,5250,16.3
002_N2_ETOH_OAP,210,12.7
002_N2_ETOH_OAP,240,23.3
002_N2_ETOH_OAP,270,21.9
002_N2_ETOH_OAP,300,19.8
002_N2_ETOH_OAP,330,17
002_N2_ETOH_OAP,360,16.3
002_N2_ETOH_OAP,390,17.7
002_N2_ETOH_OAP,420,16.6
002_N2_ETOH_OAP,450,13.8
002_N2_ETOH_OAP,480,17
002_N2_ETOH_OAP,510,11.7
002_N2_ETOH_OAP,540,20.2
002_N2_ETOH_OAP,570,18
002_N2_ETOH_OAP,600,15.6
002_N2_ETOH_OAP,630,20.9
002_N2_ETOH_OAP,660,14.5
002_N2_ETOH_OAP,690,21.2
002_N2_ETOH_OAP,720,12.4
002_N2_ETOH_OAP,750,14.8
002_N2_ETOH_OAP,780,12.7
002_N2_ETOH_OAP,810,17.3
002_N2_ETOH_OAP,840,19.1
002_N2_ETOH_OAP,870,15.2
002_N2_ETOH_OAP,900,19.4
002_N2_ETOH_OAP,930,16.6
002_N2_ETOH_OAP,960,14.5
002_N2_ETOH_OAP,990,19.4
002_N2_ETOH_OAP,1020,20.5
002_N2_ETOH_OAP,1050,17.3
002_N2_ETOH_OAP,1080,21.6
002_N2_ETOH_OAP,1110,20.2
002_N2_ETOH_OAP,1140,18.7
002_N2_ETOH_OAP,1170,21.6
002_N2_ETOH_OAP,1200,23.7
002_N2_ETOH_OAP,1230,22.3
002_N2_ETOH_OAP,1260,17.7
002_N2_ETOH_OAP,1290,26.2
002_N2_ETOH_OAP,1320,19.4
002_N2_ETOH_OAP,1350,18.7
002_N2_ETOH_OAP,1380,18.7
002_N2_ETOH_OAP,1410,21.2
002_N2_ETOH_OAP,1440,18.7
002_N2_ETOH_OAP,1470,14.5
002_N2_ETOH_OAP,1500,21.9
002_N2_ETOH_OAP,1530,13.8
002_N2_ETOH_OAP,1560,28.6
002_N2_ETOH_OAP,1590,18.4
002_N2_ETOH_OAP,1620,27.6
002_N2_ETOH_OAP,1650,30.1
002_N2_ETOH_OAP,1680,25.1
002_N2_ETOH_OAP,1710,30.1
002_N2_ETOH_OAP,1740,33.9
002_N2_ETOH_OAP,1770,26.5
002_N2_ETOH_OAP,1800,20.5
002_N2_ETOH_OAP,1830,18
002_N2_ETOH_OAP,1860,21.6
002_N2_ETOH_OAP,1890,20.9
002_N2_ETOH_OAP,1920,12.7
002_N2_ETOH_OAP,1950,18.7
002_N2_ETOH_OAP,1980,20.9
002_N2_ETOH_OAP,2010,13.8
002_N2_ETOH_OAP,2040,16.6
002_N2_ETOH_OAP,2070,21.6
002_N2_ETOH_OAP,2100,16.6
002_N2_ETOH_OAP,2130,17.3
002_N2_ETOH_OAP,2160,23.3
002_N2_ETOH_OAP,2190,29
002_N2_ETOH_OAP,2220,27.6
002_N2_ETOH_OAP,2250,21.6
002_N2_ETOH_OAP,2280,26.5
002_N2_ETOH_OAP,2310,21.9
002_N2_ETOH_OAP,2340,18
002_N2_ETOH_OAP,2370,23.7
002_N2_ETOH_OAP,2400,23.3
002_N2_ETOH_OAP,2430,13.1
002_N2_ETOH_OAP,2460,25.8
002_N2_ETOH_OAP,2490,27.6
002_N2_ETOH_OAP,2520,31.8
002_N2_ETOH_OAP,2550,29
002_N2_ETOH_OAP,2580,26.2
002_N2_ETOH_OAP,2610,25.5
002_N2_ETOH_OAP,2640,20.2
002_N2_ETOH_OAP,2670,22.6
002_N2_ETOH_OAP,2700,18.7
002_N2_ETOH_OAP,2730,18.7
002_N2_ETOH_OAP,2760,14.1
002_N2_ETOH_OAP,2790,18.7
002_N2_ETOH_OAP,2820,16.6
002_N2_ETOH_OAP,2850,20.2
002_N2_ETOH_OAP,2880,19.8
002_N2_ETOH_OAP,2910,20.9
002_N2_ETOH_OAP,2940,29.7
002_N2_ETOH_OAP,2970,23.3
002_N2_ETOH_OAP,3000,18.7
002_N2_ETOH_OAP,3030,19.4
002_N2_ETOH_OAP,3060,20.5
002_N2_ETOH_OAP,3090,21.2
002_N2_ETOH_OAP,3120,20.2
002_N2_ETOH_OAP,3150,15.6
002_N2_ETOH_OAP,3180,20.2
002_N2_ETOH_OAP,3210,16.6
002_N2_ETOH_OAP,3240,23.7
002_N2_ETOH_OAP,3270,31.5
002_N2_ETOH_OAP,3300,16.6
002_N2_ETOH_OAP,3330,19.4
002_N2_ETOH_OAP,3360,24.7
002_N2_ETOH_OAP,3390,18.7
002_N2_ETOH_OAP,3420,19.8
002_N2_ETOH_OAP,3450,22.3
002_N2_ETOH_OAP,3480,24
002_N2_ETOH_OAP,3510,17
002_N2_ETOH_OAP,3540,15.9
002_N2_ETOH_OAP,3570,15.9
002_N2_ETOH_OAP,3600,26.2
002_N2_ETOH_OAP,3630,22.3
002_N2_ETOH_OAP,3660,29
002_N2_ETOH_OAP,3690,25.5
002_N2_ETOH_OAP,3720,29
002_N2_ETOH_OAP,3750,31.8
002_N2_ETOH_OAP,3780,25.8
002_N2_ETOH_OAP,3810,27.6
002_N2_ETOH_OAP,3840,30.1
002_N2_ETOH_OAP,3870,27.2
002_N2_ETOH_OAP,3900,20.2
002_N2_ETOH_OAP,3930,23.3
002_N2_ETOH_OAP,3960,23.3
002_N2_ETOH_OAP,3990,23
002_N2_ETOH_OAP,4020,18.4
002_N2_ETOH_OAP,4050,27.9
002_N2_ETOH_OAP,4080,32.2
002_N2_ETOH_OAP,4110,36.8
002_N2_ETOH_OAP,4140,25.1
002_N2_ETOH_OAP,4170,29
002_N2_ETOH_OAP,4200,19.1
002_N2_ETOH_OAP,4230,24.7
002_N2_ETOH_OAP,4260,16.6
002_N2_ETOH_OAP,4290,17.7
002_N2_ETOH_OAP,4320,17
002_N2_ETOH_OAP,4350,24.4
002_N2_ETOH_OAP,4380,24.7
002_N2_ETOH_OAP,4410,20.5
002_N2_ETOH_OAP,4440,23.3
002_N2_ETOH_OAP,4470,22.3
002_N2_ETOH_OAP,4500,15.9
002_N2_ETOH_OAP,4530,16.6
002_N2_ETOH_OAP,4560,16.6
002_N2_ETOH_OAP,4590,19.1
002_N2_ETOH_OAP,4620,9.5
002_N2_ETOH_OAP,4650,19.8
002_N2_ETOH_OAP,4680,22.3
002_N2_ETOH_OAP,4710,11.7
002_N2_ETOH_OAP,4740,18.4
002_N2_ETOH_OAP,4770,8.8
002_N2_ETOH_OAP,4800,9.2
002_N2_ETOH_OAP,4830,7.1
002_N2_ETOH_OAP,4860,3.5
002_N2_ETOH_OAP,4890,8.8
002_N2_ETOH_OAP,4920,7.8
002_N2_ETOH_OAP,4950,7.4
002_N2_ETOH_OAP,4980,9.9
002_N2_ETOH_OAP,5010,12.7
002_N2_ETOH_OAP,5040,11
002_N2_ETOH_OAP,5070,7.8
002_N2_ETOH_OAP,5100,5.7
002_N2_ETOH_OAP,5130,7.8
002_N2_ETOH_OAP,5160,17.3
002_N2_ETOH_OAP,5190,15.2
002_N2_ETOH_OAP,5220,11.7
002_N2_ETOH_OAP,5250,11.7
003_N2_RV_OAP,210,24.7
003_N2_RV_OAP,240,22.6
003_N2_RV_OAP,270,15.9
003_N2_RV_OAP,300,15.9
003_N2_RV_OAP,330,15.6
003_N2_RV_OAP,360,29.7
003_N2_RV_OAP,390,28.6
003_N2_RV_OAP,420,23
003_N2_RV_OAP,450,27.6
003_N2_RV_OAP,480,20.2
003_N2_RV_OAP,510,33.2
003_N2_RV_OAP,540,30.1
003_N2_RV_OAP,570,17.7
003_N2_RV_OAP,600,23
003_N2_RV_OAP,630,36.4
003_N2_RV_OAP,660,25.1
003_N2_RV_OAP,690,19.1
003_N2_RV_OAP,720,22.3
003_N2_RV_OAP,750,29.3
003_N2_RV_OAP,780,31.5
003_N2_RV_OAP,810,25.1
003_N2_RV_OAP,840,13.4
003_N2_RV_OAP,870,17
003_N2_RV_OAP,900,15.6
003_N2_RV_OAP,930,24.4
003_N2_RV_OAP,960,22.3
003_N2_RV_OAP,990,29
003_N2_RV_OAP,1020,26.2
003_N2_RV_OAP,1050,25.1
003_N2_RV_OAP,1080,31.8
003_N2_RV_OAP,1110,31.8
003_N2_RV_OAP,1140,29.3
003_N2_RV_OAP,1170,29.7
003_N2_RV_OAP,1200,35
003_N2_RV_OAP,1230,30.1
003_N2_RV_OAP,1260,15.2
003_N2_RV_OAP,1290,13.1
003_N2_RV_OAP,1320,21.2
003_N2_RV_OAP,1350,15.6
003_N2_RV_OAP,1380,28.6
003_N2_RV_OAP,1410,19.4
003_N2_RV_OAP,1440,30.1
003_N2_RV_OAP,1470,16.3
003_N2_RV_OAP,1500,26.2
003_N2_RV_OAP,1530,19.1
003_N2_RV_OAP,1560,30.4
003_N2_RV_OAP,1590,23.3
003_N2_RV_OAP,1620,20.5
003_N2_RV_OAP,1650,25.5
003_N2_RV_OAP,1680,19.1
003_N2_RV_OAP,1710,22.3
003_N2_RV_OAP,1740,26.9
003_N2_RV_OAP,1770,27.2
003_N2_RV_OAP,1800,29
003_N2_RV_OAP,1830,24.4
003_N2_RV_OAP,1860,28.3
003_N2_RV_OAP,1890,24.7
003_N2_RV_OAP,1920,33.2
003_N2_RV_OAP,1950,30.8
003_N2_RV_OAP,1980,33.2
003_N2_RV_OAP,2010,25.8
003_N2_RV_OAP,2040,25.8
003_N2_RV_OAP,2070,26.9
003_N2_RV_OAP,2100,23.3
003_N2_RV_OAP,2130,24.7
003_N2_RV_OAP,2160,26.9
003_N2_RV_OAP,2190,29.7
003_N2_RV_OAP,2220,23.7
003_N2_RV_OAP,2250,25.5
003_N2_RV_OAP,2280,20.2
003_N2_RV_OAP,2310,24.4
003_N2_RV_OAP,2340,18.4
003_N2_RV_OAP,2370,19.8
003_N2_RV_OAP,2400,29.3
003_N2_RV_OAP,2430,29.3
003_N2_RV_OAP,2460,27.6
003_N2_RV_OAP,2490,24.4
003_N2_RV_OAP,2520,21.9
003_N2_RV_OAP,2550,22.3
003_N2_RV_OAP,2580,19.8
003_N2_RV_OAP,2610,27.6
003_N2_RV_OAP,2640,25.5
003_N2_RV_OAP,2670,25.1
003_N2_RV_OAP,2700,23.7
003_N2_RV_OAP,2730,14.8
003_N2_RV_OAP,2760,27.6
003_N2_RV_OAP,2790,21.6
003_N2_RV_OAP,2820,27.9
003_N2_RV_OAP,2850,15.2
003_N2_RV_OAP,2880,16.3
003_N2_RV_OAP,2910,23.7
003_N2_RV_OAP,2940,24
003_N2_RV_OAP,2970,21.2
003_N2_RV_OAP,3000,23
003_N2_RV_OAP,3030,22.3
003_N2_RV_OAP,3060,25.5
003_N2_RV_OAP,3090,23.7
003_N2_RV_OAP,3120,21.6
003_N2_RV_OAP,3150,21.6
003_N2_RV_OAP,3180,20.5
003_N2_RV_OAP,3210,20.5
003_N2_RV_OAP,3240,26.2
003_N2_RV_OAP,3270,25.5
003_N2_RV_OAP,3300,23.3
003_N2_RV_OAP,3330,21.9
003_N2_RV_OAP,3360,24.7
003_N2_RV_OAP,3390,25.5
003_N2_RV_OAP,3420,28.6
003_N2_RV_OAP,3450,21.6
003_N2_RV_OAP,3480,17
003_N2_RV_OAP,3510,19.1
003_N2_RV_OAP,3540,20.5
003_N2_RV_OAP,3570,20.2
003_N2_RV_OAP,3600,18.4
003_N2_RV_OAP,3630,21.9
003_N2_RV_OAP,3660,25.8
003_N2_RV_OAP,3690,24
003_N2_RV_OAP,3720,22.6
003_N2_RV_OAP,3750,24.4
003_N2_RV_OAP,3780,25.1
003_N2_RV_OAP,3810,27.9
003_N2_RV_OAP,3840,17.7
003_N2_RV_OAP,3870,22.3
003_N2_RV_OAP,3900,21.2
003_N2_RV_OAP,3930,21.9
003_N2_RV_OAP,3960,24.4
003_N2_RV_OAP,3990,23.3
003_N2_RV_OAP,4020,23.7
003_N2_RV_OAP,4050,17
003_N2_RV_OAP,4080,19.1
003_N2_RV_OAP,4110,19.1
003_N2_RV_OAP,4140,19.8
003_N2_RV_OAP,4170,18.7
003_N2_RV_OAP,4200,20.2
003_N2_RV_OAP,4230,18.4
003_N2_RV_OAP,4260,20.5
003_N2_RV_OAP,4290,19.1
003_N2_RV_OAP,4320,19.1
003_N2_RV_OAP,4350,25.1
003_N2_RV_OAP,4380,22.6
003_N2_RV_OAP,4410,23.3
003_N2_RV_OAP,4440,20.5
003_N2_RV_OAP,4470,22.3
003_N2_RV_OAP,4500,21.2
003_N2_RV_OAP,4530,23.3
003_N2_RV_OAP,4560,27.9
003_N2_RV_OAP,4590,23
003_N2_RV_OAP,4620,19.8
003_N2_RV_OAP,4650,21.9
003_N2_RV_OAP,4680,23.7
003_N2_RV_OAP,4710,21.2
003_N2_RV_OAP,4740,23.7
003_N2_RV_OAP,4770,23.7
003_N2_RV_OAP,4800,19.8
003_N2_RV_OAP,4830,20.2
003_N2_RV_OAP,4860,22.3
003_N2_RV_OAP,4890,22.3
003_N2_RV_OAP,4920,25.8
003_N2_RV_OAP,4950,29
003_N2_RV_OAP,4980,24
003_N2_RV_OAP,5010,19.1
003_N2_RV_OAP,5040,25.1
003_N2_RV_OAP,5070,25.8
003_N2_RV_OAP,5100,22.3
003_N2_RV_OAP,5130,19.8
003_N2_RV_OAP,5160,28.6
003_N2_RV_OAP,5190,21.6
003_N2_RV_OAP,5220,21.9
003_N2_RV_OAP,5250,20.9
004_N2_YS_OAP,210,38.5
004_N2_YS_OAP,240,43.5
004_N2_YS_OAP,270,44.9
004_N2_YS_OAP,300,42.1
004_N2_YS_OAP,330,39.2
004_N2_YS_OAP,360,42.4
004_N2_YS_OAP,390,36.1
004_N2_YS_OAP,420,33.2
004_N2_YS_OAP,450,32.9
004_N2_YS_OAP,480,43.5
004_N2_YS_OAP,510,42.4
004_N2_YS_OAP,540,42.8
004_N2_YS_OAP,570,41.4
004_N2_YS_OAP,600,37.5
004_N2_YS_OAP,630,33.6
004_N2_YS_OAP,660,32.5
004_N2_YS_OAP,690,34.6
004_N2_YS_OAP,720,29.7
004_N2_YS_OAP,750,31.8
004_N2_YS_OAP,780,32.9
004_N2_YS_OAP,810,30.8
004_N2_YS_OAP,840,37.5
004_N2_YS_OAP,870,42.4
004_N2_YS_OAP,900,36.1
004_N2_YS_OAP,930,25.5
004_N2_YS_OAP,960,32.9
004_N2_YS_OAP,990,23.3
004_N2_YS_OAP,1020,25.8
004_N2_YS_OAP,1050,29.3
004_N2_YS_OAP,1080,25.1
004_N2_YS_OAP,1110,33.6
004_N2_YS_OAP,1140,30.8
004_N2_YS_OAP,1170,29.3
004_N2_YS_OAP,1200,38.5
004_N2_YS_OAP,1230,35
004_N2_YS_OAP,1260,25.5
004_N2_YS_OAP,1290,23.3
004_N2_YS_OAP,1320,29.7
004_N2_YS_OAP,1350,33.2
004_N2_YS_OAP,1380,29
004_N2_YS_OAP,1410,31.8
004_N2_YS_OAP,1440,29.7
004_N2_YS_OAP,1470,31.8
004_N2_YS_OAP,1500,24.4
004_N2_YS_OAP,1530,27.9
004_N2_YS_OAP,1560,29.7
004_N2_YS_OAP,1590,29.3
004_N2_YS_OAP,1620,26.2
004_N2_YS_OAP,1650,24
004_N2_YS_OAP,1680,32.5
004_N2_YS_OAP,1710,16.3
004_N2_YS_OAP,1740,17.7
004_N2_YS_OAP,1770,19.1
004_N2_YS_OAP,1800,22.3
004_N2_YS_OAP,1830,19.4
004_N2_YS_OAP,1860,16.6
004_N2_YS_OAP,1890,11
004_N2_YS_OAP,1920,17
004_N2_YS_OAP,1950,27.9
004_N2_YS_OAP,1980,25.5
004_N2_YS_OAP,2010,25.8
004_N2_YS_OAP,2040,29
004_N2_YS_OAP,2070,29.7
004_N2_YS_OAP,2100,24
004_N2_YS_OAP,2130,25.1
004_N2_YS_OAP,2160,14.8
004_N2_YS_OAP,2190,17.7
004_N2_YS_OAP,2220,16.6
004_N2_YS_OAP,2250,24.4
004_N2_YS_OAP,2280,17.3
004_N2_YS_OAP,2310,17.7
004_N2_YS_OAP,2340,20.9
004_N2_YS_OAP,2370,27.6
004_N2_YS_OAP,2400,30.8
004_N2_YS_OAP,2430,11.3
004_N2_YS_OAP,2460,21.2
004_N2_YS_OAP,2490,21.9
004_N2_YS_OAP,2520,30.1
004_N2_YS_OAP,2550,26.9
004_N2_YS_OAP,2580,27.6
004_N2_YS_OAP,2610,20.9
004_N2_YS_OAP,2640,28.6
004_N2_YS_OAP,2670,25.1
004_N2_YS_OAP,2700,31.5
004_N2_YS_OAP,2730,36.1
004_N2_YS_OAP,2760,24.7
004_N2_YS_OAP,2790,23.3
004_N2_YS_OAP,2820,24.7
004_N2_YS_OAP,2850,25.1
004_N2_YS_OAP,2880,31.8
004_N2_YS_OAP,2910,20.9
004_N2_YS_OAP,2940,26.2
004_N2_YS_OAP,2970,27.2
004_N2_YS_OAP,3000,29
004_N2_YS_OAP,3030,33.6
004_N2_YS_OAP,3060,32.2
004_N2_YS_OAP,3090,28.6
004_N2_YS_OAP,3120,37.1
004_N2_YS_OAP,3150,31.8
004_N2_YS_OAP,3180,34.3
004_N2_YS_OAP,3210,34.3
004_N2_YS_OAP,3240,37.1
004_N2_YS_OAP,3270,31.8
004_N2_YS_OAP,3300,22.6
004_N2_YS_OAP,3330,34.6
004_N2_YS_OAP,3360,27.2
004_N2_YS_OAP,3390,29.3
004_N2_YS_OAP,3420,24.4
004_N2_YS_OAP,3450,24.7
004_N2_YS_OAP,3480,21.9
004_N2_YS_OAP,3510,18
004_N2_YS_OAP,3540,26.2
004_N2_YS_OAP,3570,18.4
004_N2_YS_OAP,3600,23
004_N2_YS_OAP,3630,20.5
004_N2_YS_OAP,3660,19.8
004_N2_YS_OAP,3690,24
004_N2_YS_OAP,3720,25.1
004_N2_YS_OAP,3750,22.6
004_N2_YS_OAP,3780,23.3
004_N2_YS_OAP,3810,23.7
004_N2_YS_OAP,3840,27.9
004_N2_YS_OAP,3870,29.3
004_N2_YS_OAP,3900,26.2
004_N2_YS_OAP,3930,30.8
004_N2_YS_OAP,3960,28.6
004_N2_YS_OAP,3990,29
004_N2_YS_OAP,4020,37.8
004_N2_YS_OAP,4050,29
004_N2_YS_OAP,4080,25.1
004_N2_YS_OAP,4110,27.6
004_N2_YS_OAP,4140,24.4
004_N2_YS_OAP,4170,23.7
004_N2_YS_OAP,4200,29.7
004_N2_YS_OAP,4230,24.7
004_N2_YS_OAP,4260,25.8
004_N2_YS_OAP,4290,27.9
004_N2_YS_OAP,4320,29.7
004_N2_YS_OAP,4350,24
004_N2_YS_OAP,4380,26.2
004_N2_YS_OAP,4410,31.1
004_N2_YS_OAP,4440,32.9
004_N2_YS_OAP,4470,25.5
004_N2_YS_OAP,4500,19.8
004_N2_YS_OAP,4530,22.3
004_N2_YS_OAP,4560,23.7
004_N2_YS_OAP,4590,20.9
004_N2_YS_OAP,4620,19.1
004_N2_YS_OAP,4650,22.3
004_N2_YS_OAP,4680,25.1
004_N2_YS_OAP,4710,26.2
004_N2_YS_OAP,4740,24.4
004_N2_YS_OAP,4770,26.9
004_N2_YS_OAP,4800,25.1
004_N2_YS_OAP,4830,23.3
004_N2_YS_OAP,4860,26.2
004_N2_YS_OAP,4890,28.6
004_N2_YS_OAP,4920,22.3
004_N2_YS_OAP,4950,23.3
004_N2_YS_OAP,4980,26.5
004_N2_YS_OAP,5010,23.3
004_N2_YS_OAP,5040,23.7
004_N2_YS_OAP,5070,18.7
004_N2_YS_OAP,5100,23.7
004_N2_YS_OAP,5130,24.7
004_N2_YS_OAP,5160,27.9
004_N2_YS_OAP,5190,31.8
004_N2_YS_OAP,5220,29.3
004_N2_YS_OAP,5250,27.9
005_N2_NT_KID,210,21.2
005_N2_NT_KID,240,20.5
005_N2_NT_KID,270,22.3
005_N2_NT_KID,300,25.1
005_N2_NT_KID,330,31.5
005_N2_NT_KID,360,27.2
005_N2_NT_KID,390,36.4
005_N2_NT_KID,420,23.7
005_N2_NT_KID,450,36.1
005_N2_NT_KID,480,35.4
005_N2_NT_KID,510,36.8
005_N2_NT_KID,540,40.7
005_N2_NT_KID,570,28.6
005_N2_NT_KID,600,19.1
005_N2_NT_KID,630,31.1
005_N2_NT_KID,660,18.4
005_N2_NT_KID,690,13.1
005_N2_NT_KID,720,36.4
005_N2_NT_KID,750,34.6
005_N2_NT_KID,780,28.3
005_N2_NT_KID,810,30.4
005_N2_NT_KID,840,25.8
005_N2_NT_KID,870,29.3
005_N2_NT_KID,900,35.4
005_N2_NT_KID,930,35
005_N2_NT_KID,960,29
005_N2_NT_KID,990,28.6
005_N2_NT_KID,1020,30.1
005_N2_NT_KID,1050,29.3
005_N2_NT_KID,1080,25.8
005_N2_NT_KID,1110,31.8
005_N2_NT_KID,1140,31.5
005_N2_NT_KID,1170,28.6
005_N2_NT_KID,1200,28.6
005_N2_NT_KID,1230,30.4
005_N2_NT_KID,1260,28.6
005_N2_NT_KID,1290,24.7
005_N2_NT_KID,1320,24.4
005_N2_NT_KID,1350,34.3
005_N2_NT_KID,1380,36.8
005_N2_NT_KID,1410,31.8
005_N2_NT_KID,1440,37.5
005_N2_NT_KID,1470,35.4
005_N2_NT_KID,1500,30.1
005_N2_NT_KID,1530,38.2
005_N2_NT_KID,1560,39.2
005_N2_NT_KID,1590,34.6
005_N2_NT_KID,1620,42.4
005_N2_NT_KID,1650,38.2
005_N2_NT_KID,1680,32.2
005_N2_NT_KID,1710,33.9
005_N2_NT_KID,1740,29.3
005_N2_NT_KID,1770,32.2
005_N2_NT_KID,1800,35
005_N2_NT_KID,1830,29.3
005_N2_NT_KID,1860,27.2
005_N2_NT_KID,1890,40
005_N2_NT_KID,1920,36.8
005_N2_NT_KID,1950,27.2
005_N2_NT_KID,1980,30.8
005_N2_NT_KID,2010,32.2
005_N2_NT_KID,2040,40.7
005_N2_NT_KID,2070,23
005_N2_NT_KID,2100,29
005_N2_NT_KID,2130,32.2
005_N2_NT_KID,2160,30.4
005_N2_NT_KID,2190,26.5
005_N2_NT_KID,2220,23.3
005_N2_NT_KID,2250,29.3
005_N2_NT_KID,2280,26.2
005_N2_NT_KID,2310,36.4
005_N2_NT_KID,2340,19.4
005_N2_NT_KID,2370,23.7
005_N2_NT_KID,2400,25.1
005_N2_NT_KID,2430,30.8
005_N2_NT_KID,2460,24
005_N2_NT_KID,2490,25.8
005_N2_NT_KID,2520,20.2
005_N2_NT_KID,2550,24
005_N2_NT_KID,2580,24.7
005_N2_NT_KID,2610,33.9
005_N2_NT_KID,2640,31.8
005_N2_NT_KID,2670,29
005_N2_NT_KID,2700,30.8
005_N2_NT_KID,2730,29
005_N2_NT_KID,2760,24.7
005_N2_NT_KID,2790,31.8
005_N2_NT_KID,2820,34.3
005_N2_NT_KID,2850,34.3
005_N2_NT_KID,2880,25.8
005_N2_NT_KID,2910,33.2
005_N2_NT_KID,2940,23.7
005_N2_NT_KID,2970,27.2
005_N2_NT_KID,3000,34.6
005_N2_NT_KID,3030,25.8
005_N2_NT_KID,3060,29
005_N2_NT_KID,3090,33.6
005_N2_NT_KID,3120,31.1
005_N2_NT_KID,3150,26.9
005_N2_NT_KID,3180,32.2
005_N2_NT_KID,3210,30.4
005_N2_NT_KID,3240,30.8
005_N2_NT_KID,3270,23
005_N2_NT_KID,3300,27.6
005_N2_NT_KID,3330,33.2
005_N2_NT_KID,3360,23.3
005_N2_NT_KID,3390,32.9
005_N2_NT_KID,3420,27.9
005_N2_NT_KID,3450,30.1
005_N2_NT_KID,3480,31.5
005_N2_NT_KID,3510,37.1
005_N2_NT_KID,3540,33.2
005_N2_NT_KID,3570,33.9
005_N2_NT_KID,3600,34.3
005_N2_NT_KID,3630,24.4
005_N2_NT_KID,3660,33.9
005_N2_NT_KID,3690,32.9
005_N2_NT_KID,3720,38.2
005_N2_NT_KID,3750,35.7
005_N2_NT_KID,3780,37.5
005_N2_NT_KID,3810,28.6
005_N2_NT_KID,3840,27.9
005_N2_NT_KID,3870,18.7
005_N2_NT_KID,3900,36.1
005_N2_NT_KID,3930,24.4
005_N2_NT_KID,3960,38.2
005_N2_NT_KID,3990,32.9
005_N2_NT_KID,4020,31.1
005_N2_NT_KID,4050,27.6
005_N2_NT_KID,4080,29.3
005_N2_NT_KID,4110,30.4
005_N2_NT_KID,4140,32.5
005_N2_NT_KID,4170,30.8
005_N2_NT_KID,4200,36.1
005_N2_NT_KID,4230,24.4
005_N2_NT_KID,4260,31.1
005_N2_NT_KID,4290,37.1
005_N2_NT_KID,4320,26.5
005_N2_NT_KID,4350,36.1
005_N2_NT_KID,4380,37.8
005_N2_NT_KID,4410,27.9
005_N2_NT_KID,4440,31.1
005_N2_NT_KID,4470,29.3
005_N2_NT_KID,4500,21.6
005_N2_NT_KID,4530,29
005_N2_NT_KID,4560,24
005_N2_NT_KID,4590,26.2
005_N2_NT_KID,4620,20.9
005_N2_NT_KID,4650,25.8
005_N2_NT_KID,4680,23.7
005_N2_NT_KID,4710,14.8
005_N2_NT_KID,4740,21.2
005_N2_NT_KID,4770,31.1
005_N2_NT_KID,4800,21.9
005_N2_NT_KID,4830,24
005_N2_NT_KID,4860,17.7
005_N2_NT_KID,4890,17
005_N2_NT_KID,4920,26.2
005_N2_NT_KID,4950,32.5
005_N2_NT_KID,4980,26.5
005_N2_NT_KID,5010,22.6
005_N2_NT_KID,5040,18
005_N2_NT_KID,5070,26.9
005_N2_NT_KID,5100,21.6
005_N2_NT_KID,5130,24.4
005_N2_NT_KID,5160,20.5
005_N2_NT_KID,5190,25.8
005_N2_NT_KID,5220,22.3
005_N2_NT_KID,5250,23
006_N2_ETOH_KID,210,24.4
006_N2_ETOH_KID,240,20.9
006_N2_ETOH_KID,270,23.3
006_N2_ETOH_KID,300,23.3
006_N2_ETOH_KID,330,7.8
006_N2_ETOH_KID,360,14.8
006_N2_ETOH_KID,390,19.1
006_N2_ETOH_KID,420,13.8
006_N2_ETOH_KID,450,9.5
006_N2_ETOH_KID,480,13.4
006_N2_ETOH_KID,510,18
006_N2_ETOH_KID,540,16.6
006_N2_ETOH_KID,570,12.7
006_N2_ETOH_KID,600,19.4
006_N2_ETOH_KID,630,20.5
006_N2_ETOH_KID,660,21.6
006_N2_ETOH_KID,690,28.6
006_N2_ETOH_KID,720,18.7
006_N2_ETOH_KID,750,21.6
006_N2_ETOH_KID,780,20.2
006_N2_ETOH_KID,810,19.4
006_N2_ETOH_KID,840,25.1
006_N2_ETOH_KID,870,31.5
006_N2_ETOH_KID,900,30.8
006_N2_ETOH_KID,930,30.4
006_N2_ETOH_KID,960,25.1
006_N2_ETOH_KID,990,44.5
006_N2_ETOH_KID,1020,43.8
006_N2_ETOH_KID,1050,37.5
006_N2_ETOH_KID,1080,36.1
006_N2_ETOH_KID,1110,43.1
006_N2_ETOH_KID,1140,36.4
006_N2_ETOH_KID,1170,43.1
006_N2_ETOH_KID,1200,37.8
006_N2_ETOH_KID,1230,37.8
006_N2_ETOH_KID,1260,25.1
006_N2_ETOH_KID,1290,23.7
006_N2_ETOH_KID,1320,38.5
006_N2_ETOH_KID,1350,32.9
006_N2_ETOH_KID,1380,27.9
006_N2_ETOH_KID,1410,26.2
006_N2_ETOH_KID,1440,26.9
006_N2_ETOH_KID,1470,24
006_N2_ETOH_KID,1500,31.1
006_N2_ETOH_KID,1530,36.4
006_N2_ETOH_KID,1560,31.8
006_N2_ETOH_KID,1590,29.7
006_N2_ETOH_KID,1620,27.6
006_N2_ETOH_KID,1650,24.4
006_N2_ETOH_KID,1680,25.5
006_N2_ETOH_KID,1710,29
006_N2_ETOH_KID,1740,22.6
006_N2_ETOH_KID,1770,26.5
006_N2_ETOH_KID,1800,33.9
006_N2_ETOH_KID,1830,32.5
006_N2_ETOH_KID,1860,27.2
006_N2_ETOH_KID,1890,32.9
006_N2_ETOH_KID,1920,30.1
006_N2_ETOH_KID,1950,30.8
006_N2_ETOH_KID,1980,30.1
006_N2_ETOH_KID,2010,26.5
006_N2_ETOH_KID,2040,25.8
006_N2_ETOH_KID,2070,35
006_N2_ETOH_KID,2100,24.4
006_N2_ETOH_KID,2130,28.6
006_N2_ETOH_KID,2160,20.5
006_N2_ETOH_KID,2190,23
006_N2_ETOH_KID,2220,21.6
006_N2_ETOH_KID,2250,22.3
006_N2_ETOH_KID,2280,28.6
006_N2_ETOH_KID,2310,34.6
006_N2_ETOH_KID,2340,34.3
006_N2_ETOH_KID,2370,37.1
006_N2_ETOH_KID,2400,39.6
006_N2_ETOH_KID,2430,40
006_N2_ETOH_KID,2460,34.6
006_N2_ETOH_KID,2490,37.8
006_N2_ETOH_KID,2520,36.1
006_N2_ETOH_KID,2550,30.8
006_N2_ETOH_KID,2580,31.5
006_N2_ETOH_KID,2610,37.5
006_N2_ETOH_KID,2640,35.7
006_N2_ETOH_KID,2670,35
006_N2_ETOH_KID,2700,30.4
006_N2_ETOH_KID,2730,41.7
006_N2_ETOH_KID,2760,35
006_N2_ETOH_KID,2790,35.7
006_N2_ETOH_KID,2820,27.9
006_N2_ETOH_KID,2850,24.4
006_N2_ETOH_KID,2880,23
006_N2_ETOH_KID,2910,26.9
006_N2_ETOH_KID,2940,27.6
006_N2_ETOH_KID,2970,31.8
006_N2_ETOH_KID,3000,29.7
006_N2_ETOH_KID,3030,29.3
006_N2_ETOH_KID,3060,30.8
006_N2_ETOH_KID,3090,27.6
006_N2_ETOH_KID,3120,27.2
006_N2_ETOH_KID,3150,23.3
006_N2_ETOH_KID,3180,24.7
006_N2_ETOH_KID,3210,22.6
006_N2_ETOH_KID,3240,29
006_N2_ETOH_KID,3270,30.8
006_N2_ETOH_KID,3300,29.7
006_N2_ETOH_KID,3330,29.3
006_N2_ETOH_KID,3360,31.8
006_N2_ETOH_KID,3390,30.8
006_N2_ETOH_KID,3420,33.9
006_N2_ETOH_KID,3450,30.8
006_N2_ETOH_KID,3480,31.8
006_N2_ETOH_KID,3510,33.6
006_N2_ETOH_KID,3540,31.8
006_N2_ETOH_KID,3570,31.1
006_N2_ETOH_KID,3600,35.7
006_N2_ETOH_KID,3630,35
006_N2_ETOH_KID,3660,24
006_N2_ETOH_KID,3690,24.7
006_N2_ETOH_KID,3720,24.4
006_N2_ETOH_KID,3750,31.8
006_N2_ETOH_KID,3780,38.2
006_N2_ETOH_KID,3810,30.8
006_N2_ETOH_KID,3840,24.7
006_N2_ETOH_KID,3870,26.9
006_N2_ETOH_KID,3900,32.9
006_N2_ETOH_KID,3930,33.9
006_N2_ETOH_KID,3960,28.3
006_N2_ETOH_KID,3990,32.9
006_N2_ETOH_KID,4020,37.1
006_N2_ETOH_KID,4050,32.9
006_N2_ETOH_KID,4080,34.3
006_N2_ETOH_KID,4110,39.6
006_N2_ETOH_KID,4140,29
006_N2_ETOH_KID,4170,26.2
006_N2_ETOH_KID,4200,35
006_N2_ETOH_KID,4230,44.5
006_N2_ETOH_KID,4260,40
006_N2_ETOH_KID,4290,27.9
006_N2_ETOH_KID,4320,30.1
006_N2_ETOH_KID,4350,30.1
006_N2_ETOH_KID,4380,36.1
006_N2_ETOH_KID,4410,28.6
006_N2_ETOH_KID,4440,38.2
006_N2_ETOH_KID,4470,32.9
006_N2_ETOH_KID,4500,33.9
006_N2_ETOH_KID,4530,24.4
006_N2_ETOH_KID,4560,24.7
006_N2_ETOH_KID,4590,33.6
006_N2_ETOH_KID,4620,27.2
006_N2_ETOH_KID,4650,27.2
006_N2_ETOH_KID,4680,19.1
006_N2_ETOH_KID,4710,12.7
006_N2_ETOH_KID,4740,17.3
006_N2_ETOH_KID,4770,23
006_N2_ETOH_KID,4800,25.1
006_N2_ETOH_KID,4830,33.2
006_N2_ETOH_KID,4860,27.2
006_N2_ETOH_KID,4890,31.1
006_N2_ETOH_KID,4920,31.8
006_N2_ETOH_KID,4950,21.6
006_N2_ETOH_KID,4980,20.9
006_N2_ETOH_KID,5010,23
006_N2_ETOH_KID,5040,20.5
006_N2_ETOH_KID,5070,32.2
006_N2_ETOH_KID,5100,30.8
006_N2_ETOH_KID,5130,26.5
006_N2_ETOH_KID,5160,25.8
006_N2_ETOH_KID,5190,24.4
006_N2_ETOH_KID,5220,24.7
006_N2_ETOH_KID,5250,24.4
007_N2_RV_KID,210,13.1
007_N2_RV_KID,240,16.6
007_N2_RV_KID,270,13.1
007_N2_RV_KID,300,8.1
007_N2_RV_KID,330,12.4
007_N2_RV_KID,360,7.8
007_N2_RV_KID,390,9.9
007_N2_RV_KID,420,9.9
007_N2_RV_KID,450,9.2
007_N2_RV_KID,480,9.5
007_N2_RV_KID,510,13.4
007_N2_RV_KID,540,7.8
007_N2_RV_KID,570,11.7
007_N2_RV_KID,600,8.5
007_N2_RV_KID,630,17.7
007_N2_RV_KID,660,11.7
007_N2_RV_KID,690,17.7
007_N2_RV_KID,720,31.1
007_N2_RV_KID,750,26.9
007_N2_RV_KID,780,16.6
007_N2_RV_KID,810,13.1
007_N2_RV_KID,840,24
007_N2_RV_KID,870,15.9
007_N2_RV_KID,900,13.1
007_N2_RV_KID,930,6.7
007_N2_RV_KID,960,17.3
007_N2_RV_KID,990,11.3
007_N2_RV_KID,1020,20.9
007_N2_RV_KID,1050,18
007_N2_RV_KID,1080,27.2
007_N2_RV_KID,1110,32.9
007_N2_RV_KID,1140,29.7
007_N2_RV_KID,1170,28.6
007_N2_RV_KID,1200,26.9
007_N2_RV_KID,1230,27.9
007_N2_RV_KID,1260,26.2
007_N2_RV_KID,1290,27.9
007_N2_RV_KID,1320,29
007_N2_RV_KID,1350,27.6
007_N2_RV_KID,1380,29.7
007_N2_RV_KID,1410,29.7
007_N2_RV_KID,1440,23.3
007_N2_RV_KID,1470,18.4
007_N2_RV_KID,1500,19.8
007_N2_RV_KID,1530,26.2
007_N2_RV_KID,1560,17.7
007_N2_RV_KID,1590,11
007_N2_RV_KID,1620,14.5
007_N2_RV_KID,1650,15.9
007_N2_RV_KID,1680,13.4
007_N2_RV_KID,1710,16.3
007_N2_RV_KID,1740,17.3
007_N2_RV_KID,1770,22.3
007_N2_RV_KID,1800,17
007_N2_RV_KID,1830,19.4
007_N2_RV_KID,1860,20.5
007_N2_RV_KID,1890,17.7
007_N2_RV_KID,1920,13.1
007_N2_RV_KID,1950,23
007_N2_RV_KID,1980,15.6
007_N2_RV_KID,2010,18.7
007_N2_RV_KID,2040,14.8
007_N2_RV_KID,2070,12.4
007_N2_RV_KID,2100,21.6
007_N2_RV_KID,2130,21.2
007_N2_RV_KID,2160,20.5
007_N2_RV_KID,2190,23.3
007_N2_RV_KID,2220,13.1
007_N2_RV_KID,2250,9.9
007_N2_RV_KID,2280,8.8
007_N2_RV_KID,2310,13.8
007_N2_RV_KID,2340,12.4
007_N2_RV_KID,2370,19.4
007_N2_RV_KID,2400,20.5
007_N2_RV_KID,2430,16.3
007_N2_RV_KID,2460,18.4
007_N2_RV_KID,2490,19.1
007_N2_RV_KID,2520,15.2
007_N2_RV_KID,2550,17.7
007_N2_RV_KID,2580,20.2
007_N2_RV_KID,2610,13.1
007_N2_RV_KID,2640,19.4
007_N2_RV_KID,2670,20.2
007_N2_RV_KID,2700,18.4
007_N2_RV_KID,2730,11
007_N2_RV_KID,2760,19.8
007_N2_RV_KID,2790,18.4
007_N2_RV_KID,2820,17
007_N2_RV_KID,2850,12.4
007_N2_RV_KID,2880,13.8
007_N2_RV_KID,2910,14.5
007_N2_RV_KID,2940,17.3
007_N2_RV_KID,2970,20.5
007_N2_RV_KID,3000,16.6
007_N2_RV_KID,3030,20.2
007_N2_RV_KID,3060,16.6
007_N2_RV_KID,3090,12.4
007_N2_RV_KID,3120,8.5
007_N2_RV_KID,3150,17.3
007_N2_RV_KID,3180,16.3
007_N2_RV_KID,3210,20.5
007_N2_RV_KID,3240,18.7
007_N2_RV_KID,3270,3.5
007_N2_RV_KID,3300,9.5
007_N2_RV_KID,3330,10.6
007_N2_RV_KID,3360,13.4
007_N2_RV_KID,3390,14.8
007_N2_RV_KID,3420,18.4
007_N2_RV_KID,3450,15.9
007_N2_RV_KID,3480,14.5
007_N2_RV_KID,3510,13.4
007_N2_RV_KID,3540,24.7
007_N2_RV_KID,3570,20.5
007_N2_RV_KID,3600,17.3
007_N2_RV_KID,3630,21.6
007_N2_RV_KID,3660,17.7
007_N2_RV_KID,3690,17.7
007_N2_RV_KID,3720,13.4
007_N2_RV_KID,3750,18.4
007_N2_RV_KID,3780,18
007_N2_RV_KID,3810,20.5
007_N2_RV_KID,3840,17
007_N2_RV_KID,3870,19.8
007_N2_RV_KID,3900,14.5
007_N2_RV_KID,3930,12.7
007_N2_RV_KID,3960,18.4
007_N2_RV_KID,3990,15.6
007_N2_RV_KID,4020,19.8
007_N2_RV_KID,4050,21.2
007_N2_RV_KID,4080,12.4
007_N2_RV_KID,4110,18.4
007_N2_RV_KID,4140,20.2
007_N2_RV_KID,4170,15.2
007_N2_RV_KID,4200,14.5
007_N2_RV_KID,4230,19.4
007_N2_RV_KID,4260,18.7
007_N2_RV_KID,4290,19.1
007_N2_RV_KID,4320,24.4
007_N2_RV_KID,4350,19.1
007_N2_RV_KID,4380,19.4
007_N2_RV_KID,4410,26.9
007_N2_RV_KID,4440,22.3
007_N2_RV_KID,4470,24.4
007_N2_RV_KID,4500,17.3
007_N2_RV_KID,4530,21.2
007_N2_RV_KID,4560,16.3
007_N2_RV_KID,4590,20.5
007_N2_RV_KID,4620,18.7
007_N2_RV_KID,4650,19.4
007_N2_RV_KID,4680,18
007_N2_RV_KID,4710,19.1
007_N2_RV_KID,4740,25.8
007_N2_RV_KID,4770,24.7
007_N2_RV_KID,4800,20.5
007_N2_RV_KID,4830,17
007_N2_RV_KID,4860,21.6
007_N2_RV_KID,4890,33.6
007_N2_RV_KID,4920,25.8
007_N2_RV_KID,4950,27.6
007_N2_RV_KID,4980,26.9
007_N2_RV_KID,5010,29
007_N2_RV_KID,5040,27.9
007_N2_RV_KID,5070,25.5
007_N2_RV_KID,5100,26.9
007_N2_RV_KID,5130,21.9
007_N2_RV_KID,5160,24
007_N2_RV_KID,5190,17.7
007_N2_RV_KID,5220,24
007_N2_RV_KID,5250,22.3
008_NT_YS_KID,210,15.9
008_NT_YS_KID,240,13.1
008_NT_YS_KID,270,7.4
008_NT_YS_KID,300,11.3
008_NT_YS_KID,330,11
008_NT_YS_KID,360,12
008_NT_YS_KID,390,12.7
008_NT_YS_KID,420,18.4
008_NT_YS_KID,450,21.9
008_NT_YS_KID,480,20.2
008_NT_YS_KID,510,21.6
008_NT_YS_KID,540,19.8
008_NT_YS_KID,570,16.6
008_NT_YS_KID,600,16.3
008_NT_YS_KID,630,16.3
008_NT_YS_KID,660,13.8
008_NT_YS_KID,690,9.9
008_NT_YS_KID,720,13.8
008_NT_YS_KID,750,20.9
008_NT_YS_KID,780,16.3
008_NT_YS_KID,810,15.9
008_NT_YS_KID,840,22.3
008_NT_YS_KID,870,20.9
008_NT_YS_KID,900,20.2
008_NT_YS_KID,930,20.5
008_NT_YS_KID,960,18.4
008_NT_YS_KID,990,17
008_NT_YS_KID,1020,19.4
008_NT_YS_KID,1050,24.4
008_NT_YS_KID,1080,19.1
008_NT_YS_KID,1110,23.3
008_NT_YS_KID,1140,12.7
008_NT_YS_KID,1170,21.2
008_NT_YS_KID,1200,23
008_NT_YS_KID,1230,22.3
008_NT_YS_KID,1260,16.6
008_NT_YS_KID,1290,12.7
008_NT_YS_KID,1320,20.2
008_NT_YS_KID,1350,20.9
008_NT_YS_KID,1380,24
008_NT_YS_KID,1410,18.4
008_NT_YS_KID,1440,14.1
008_NT_YS_KID,1470,13.4
008_NT_YS_KID,1500,20.9
008_NT_YS_KID,1530,21.2
008_NT_YS_KID,1560,22.6
008_NT_YS_KID,1590,19.4
008_NT_YS_KID,1620,21.2
008_NT_YS_KID,1650,19.1
008_NT_YS_KID,1680,16.3
008_NT_YS_KID,1710,9.9
008_NT_YS_KID,1740,11.3
008_NT_YS_KID,1770,14.8
008_NT_YS_KID,1800,16.6
008_NT_YS_KID,1830,16.6
008_NT_YS_KID,1860,14.8
008_NT_YS_KID,1890,15.6
008_NT_YS_KID,1920,12.7
008_NT_YS_KID,1950,16.6
008_NT_YS_KID,1980,19.8
008_NT_YS_KID,2010,16.6
008_NT_YS_KID,2040,17.7
008_NT_YS_KID,2070,19.8
008_NT_YS_KID,2100,20.9
008_NT_YS_KID,2130,17
008_NT_YS_KID,2160,17.3
008_NT_YS_KID,2190,18.4
008_NT_YS_KID,2220,16.6
008_NT_YS_KID,2250,14.5
008_NT_YS_KID,2280,18.7
008_NT_YS_KID,2310,17.3
008_NT_YS_KID,2340,14.5
008_NT_YS_KID,2370,13.1
008_NT_YS_KID,2400,19.8
008_NT_YS_KID,2430,15.6
008_NT_YS_KID,2460,16.3
008_NT_YS_KID,2490,13.8
008_NT_YS_KID,2520,8.5
008_NT_YS_KID,2550,10.6
008_NT_YS_KID,2580,8.1
008_NT_YS_KID,2610,13.4
008_NT_YS_KID,2640,13.1
008_NT_YS_KID,2670,14.5
008_NT_YS_KID,2700,20.9
008_NT_YS_KID,2730,13.1
008_NT_YS_KID,2760,15.2
008_NT_YS_KID,2790,19.1
008_NT_YS_KID,2820,9.9
008_NT_YS_KID,2850,16.6
008_NT_YS_KID,2880,13.4
008_NT_YS_KID,2910,10.6
008_NT_YS_KID,2940,15.9
008_NT_YS_KID,2970,16.6
008_NT_YS_KID,3000,12.4
008_NT_YS_KID,3030,16.6
008_NT_YS_KID,3060,19.8
008_NT_YS_KID,3090,15.6
008_NT_YS_KID,3120,13.8
008_NT_YS_KID,3150,15.2
008_NT_YS_KID,3180,16.6
008_NT_YS_KID,3210,23
008_NT_YS_KID,3240,19.8
008_NT_YS_KID,3270,22.3
008_NT_YS_KID,3300,19.1
008_NT_YS_KID,3330,25.5
008_NT_YS_KID,3360,24.7
008_NT_YS_KID,3390,24
008_NT_YS_KID,3420,21.2
008_NT_YS_KID,3450,21.2
008_NT_YS_KID,3480,20.9
008_NT_YS_KID,3510,16.6
008_NT_YS_KID,3540,12.4
008_NT_YS_KID,3570,12
008_NT_YS_KID,3600,12.4
008_NT_YS_KID,3630,21.6
008_NT_YS_KID,3660,18.7
008_NT_YS_KID,3690,17.3
008_NT_YS_KID,3720,22.6
008_NT_YS_KID,3750,34.3
008_NT_YS_KID,3780,38.2
008_NT_YS_KID,3810,33.6
008_NT_YS_KID,3840,32.5
008_NT_YS_KID,3870,30.8
008_NT_YS_KID,3900,28.6
008_NT_YS_KID,3930,30.1
008_NT_YS_KID,3960,21.9
008_NT_YS_KID,3990,22.6
008_NT_YS_KID,4020,25.5
008_NT_YS_KID,4050,25.5
008_NT_YS_KID,4080,20.5
008_NT_YS_KID,4110,24
008_NT_YS_KID,4140,24
008_NT_YS_KID,4170,23.3
008_NT_YS_KID,4200,17.7
008_NT_YS_KID,4230,17.7
008_NT_YS_KID,4260,18.7
008_NT_YS_KID,4290,20.9
008_NT_YS_KID,4320,29.3
008_NT_YS_KID,4350,23
008_NT_YS_KID,4380,21.9
008_NT_YS_KID,4410,18.4
008_NT_YS_KID,4440,21.6
008_NT_YS_KID,4470,22.3
008_NT_YS_KID,4500,23.7
008_NT_YS_KID,4530,23
008_NT_YS_KID,4560,28.6
008_NT_YS_KID,4590,21.9
008_NT_YS_KID,4620,25.5
008_NT_YS_KID,4650,21.9
008_NT_YS_KID,4680,24.7
008_NT_YS_KID,4710,15.9
008_NT_YS_KID,4740,25.8
008_NT_YS_KID,4770,21.9
008_NT_YS_KID,4800,17.7
008_NT_YS_KID,4830,19.4
008_NT_YS_KID,4860,18.4
008_NT_YS_KID,4890,17
008_NT_YS_KID,4920,24.7
008_NT_YS_KID,4950,26.9
008_NT_YS_KID,4980,25.8
008_NT_YS_KID,5010,20.2
008_NT_YS_KID,5040,31.1
008_NT_YS_KID,5070,27.6
008_NT_YS_KID,5100,32.9
008_NT_YS_KID,5130,32.5
008_NT_YS_KID,5160,25.8
008_NT_YS_KID,5190,28.6
008_NT_YS_KID,5220,28.3
008_NT_YS_KID,5250,37.1
001_N2_NT_OAP,210,8
001_N2_NT_OAP,240,8
001_N2_NT_OAP,270,8
001_N2_NT_OAP,300,8
001_N2_NT_OAP,330,8
001_N2_NT_OAP,360,8
001_N2_NT_OAP,390,8
001_N2_NT_OAP,420,8
001_N2_NT_OAP,450,8
001_N2_NT_OAP,480,8
001_N2_NT_OAP,510,8
001_N2_NT_OAP,540,8
001_N2_NT_OAP,570,8
001_N2_NT_OAP,600,8
001_N2_NT_OAP,630,8
001_N2_NT_OAP,660,8
001_N2_NT_OAP,690,8
001_N2_NT_OAP,720,8
001_N2_NT_OAP,750,8
001_N2_NT_OAP,780,8
001_N2_NT_OAP,810,8
001_N2_NT_OAP,840,8
001_N2_NT_OAP,870,8
001_N2_NT_OAP,900,8
001_N2_NT_OAP,930,8
001_N2_NT_OAP,960,8
001_N2_NT_OAP,990,8
001_N2_NT_OAP,1020,8
001_N2_NT_OAP,1050,8
001_N2_NT_OAP,1080,8
001_N2_NT_OAP,1110,8
001_N2_NT_OAP,1140,8
001_N2_NT_OAP,1170,8
001_N2_NT_OAP,1200,8
001_N2_NT_OAP,1230,8
001_N2_NT_OAP,1260,8
001_N2_NT_OAP,1290,8
001_N2_NT_OAP,1320,8
001_N2_NT_OAP,1350,8
001_N2_NT_OAP,1380,8
001_N2_NT_OAP,1410,8
001_N2_NT_OAP,1440,8
001_N2_NT_OAP,1470,8
001_N2_NT_OAP,1500,8
001_N2_NT_OAP,1530,8
001_N2_NT_OAP,1560,8
001_N2_NT_OAP,1590,8
001_N2_NT_OAP,1620,8
001_N2_NT_OAP,1650,8
001_N2_NT_OAP,1680,8
001_N2_NT_OAP,1710,8
001_N2_NT_OAP,1740,8
001_N2_NT_OAP,1770,8
001_N2_NT_OAP,1800,8
001_N2_NT_OAP,1830,8
001_N2_NT_OAP,1860,8
001_N2_NT_OAP,1890,8
001_N2_NT_OAP,1920,8
001_N2_NT_OAP,1950,8
001_N2_NT_OAP,1980,8
001_N2_NT_OAP,2010,8
001_N2_NT_OAP,2040,8
001_N2_NT_OAP,2070,8
001_N2_NT_OAP,2100,8
001_N2_NT_OAP,2130,8
001_N2_NT_OAP,2160,8
001_N2_NT_OAP,2190,8
001_N2_NT_OAP,2220,8
001_N2_NT_OAP,2250,8
001_N2_NT_OAP,2280,8
001_N2_NT_OAP,2310,8
001_N2_NT_OAP,2340,8
001_N2_NT_OAP,2370,8
001_N2_NT_OAP,2400,8
001_N2_NT_OAP,2430,8
001_N2_NT_OAP,2460,8
001_N2_NT_OAP,2490,8
001_N2_NT_OAP,2520,8
001_N2_NT_OAP,2550,8
001_N2_NT_OAP,2580,8
001_N2_NT_OAP,2610,8
001_N2_NT_OAP,2640,8
001_N2_NT_OAP,2670,8
001_N2_NT_OAP,2700,8
001_N2_NT_OAP,2730,8
001_N2_NT_OAP,2760,8
001_N2_NT_OAP,2790,8
001_N2_NT_OAP,2820,8
001_N2_NT_OAP,2850,8
001_N2_NT_OAP,2880,8
001_N2_NT_OAP,2910,8
001_N2_NT_OAP,2940,8
001_N2_NT_OAP,2970,8
001_N2_NT_OAP,3000,8
001_N2_NT_OAP,3030,8
001_N2_NT_OAP,3060,8
001_N2_NT_OAP,3090,8
001_N2_NT_OAP,3120,8
001_N2_NT_OAP,3150,8
001_N2_NT_OAP,3180,8
001_N2_NT_OAP,3210,8
001_N2_NT_OAP,3240,8
001_N2_NT_OAP,3270,8
001_N2_NT_OAP,3300,8
001_N2_NT_OAP,3330,8
001_N2_NT_OAP,3360,8
001_N2_NT_OAP,3390,8
001_N2_NT_OAP,3420,8
001_N2_NT_OAP,3450,8
001_N2_NT_OAP,3480,8
001_N2_NT_OAP,3510,8
001_N2_NT_OAP,3540,8
001_N2_NT_OAP,3570,8
001_N2_NT_OAP,3600,8
001_N2_NT_OAP,3630,8
001_N2_NT_OAP,3660,8
001_N2_NT_OAP,3690,8
001_N2_NT_OAP,3720,8
001_N2_NT_OAP,3750,8
001_N2_NT_OAP,3780,8
001_N2_NT_OAP,3810,8
001_N2_NT_OAP,3840,8
001_N2_NT_OAP,3870,8
001_N2_NT_OAP,3900,8
001_N2_NT_OAP,3930,8
001_N2_NT_OAP,3960,8
001_N2_NT_OAP,3990,8
001_N2_NT_OAP,4020,8
001_N2_NT_OAP,4050,8
001_N2_NT_OAP,4080,8
001_N2_NT_OAP,4110,8
001_N2_NT_OAP,4140,8
001_N2_NT_OAP,4170,8
001_N2_NT_OAP,4200,8
001_N2_NT_OAP,4230,8
001_N2_NT_OAP,4260,8
001_N2_NT_OAP,4290,8
001_N2_NT_OAP,4320,8
001_N2_NT_OAP,4350,8
001_N2_NT_OAP,4380,8
001_N2_NT_OAP,4410,8
001_N2_NT_OAP,4440,8
001_N2_NT_OAP,4470,8
001_N2_NT_OAP,4500,8
001_N2_NT_OAP,4530,8
001_N2_NT_OAP,4560,8
001_N2_NT_OAP,4590,8
001_N2_NT_OAP,4620,8
001_N2_NT_OAP,4650,8
001_N2_NT_OAP,4680,8
001_N2_NT_OAP,4710,8
001_N2_NT_OAP,4740,8
001_N2_NT_OAP,4770,8
001_N2_NT_OAP,4800,8
001_N2_NT_OAP,4830,8
001_N2_NT_OAP,4860,8
001_N2_NT_OAP,4890,8
001_N2_NT_OAP,4920,8
001_N2_NT_OAP,4950,8
001_N2_NT_OAP,4980,8
001_N2_NT_OAP,5010,8
001_N2_NT_OAP,5040,8
001_N2_NT_OAP,5070,8
001_N2_NT_OAP,5100,8
001_N2_NT_OAP,5130,8
001_N2_NT_OAP,5160,8
001_N2_NT_OAP,5190,8
001_N2_NT_OAP,5220,8
001_N2_NT_OAP,5250,8
002_N2_ETOH_OAP,210,8
002_N2_ETOH_OAP,240,8
002_N2_ETOH_OAP,270,8
002_N2_ETOH_OAP,300,8
002_N2_ETOH_OAP,330,8
002_N2_ETOH_OAP,360,8
002_N2_ETOH_OAP,390,8
002_N2_ETOH_OAP,420,8
002_N2_ETOH_OAP,450,8
002_N2_ETOH_OAP,480,8
002_N2_ETOH_OAP,510,8
002_N2_ETOH_OAP,540,8
002_N2_ETOH_OAP,570,8
002_N2_ETOH_OAP,600,8
002_N2_ETOH_OAP,630,8
002_N2_ETOH_OAP,660,8
002_N2_ETOH_OAP,690,8
002_N2_ETOH_OAP,720,8
002_N2_ETOH_OAP,750,8
002_N2_ETOH_OAP,780,8
002_N2_ETOH_OAP,810,8
002_N2_ETOH_OAP,840,8
002_N2_ETOH_OAP,870,8
002_N2_ETOH_OAP,900,8
002_N2_ETOH_OAP,930,8
002_N2_ETOH_OAP,960,8
002_N2_ETOH_OAP,990,8
002_N2_ETOH_OAP,1020,8
002_N2_ETOH_OAP,1050,8
002_N2_ETOH_OAP,1080,8
002_N2_ETOH_OAP,1110,8
002_N2_ETOH_OAP,1140,8
002_N2_ETOH_OAP,1170,8
002_N2_ETOH_OAP,1200,8
002_N2_ETOH_OAP,1230,8
002_N2_ETOH_OAP,1260,8
002_N2_ETOH_OAP,1290,8
002_N2_ETOH_OAP,1320,8
002_N2_ETOH_OAP,1350,8
002_N2_ETOH_OAP,1380,8
002_N2_ETOH_OAP,1410,8
002_N2_ETOH_OAP,1440,8
002_N2_ETOH_OAP,1470,8
002_N2_ETOH_OAP,1500,8
002_N2_ETOH_OAP,1530,8
002_N2_ETOH_OAP,1560,8
002_N2_ETOH_OAP,1590,8
002_N2_ETOH_OAP,1620,8
002_N2_ETOH_OAP,1650,8
002_N2_ETOH_OAP,1680,8
002_N2_ETOH_OAP,1710,8
002_N2_ETOH_OAP,1740,8
002_N2_ETOH_OAP,1770,8
002_N2_ETOH_OAP,1800,8
002_N2_ETOH_OAP,1830,8
002_N2_ETOH_OAP,1860,8
002_N2_ETOH_OAP,1890,8
002_N2_ETOH_OAP,1920,8
002_N2_ETOH_OAP,1950,8
002_N2_ETOH_OAP,1980,8
002_N2_ETOH_OAP,2010,8
002_N2_ETOH_OAP,2040,8
002_N2_ETOH_OAP,2070,8
002_N2_ETOH_OAP,2100,8
002_N2_ETOH_OAP,2130,8
002_N2_ETOH_OAP,2160,8
002_N2_ETOH_OAP,2190,8
002_N2_ETOH_OAP,2220,8
002_N2_ETOH_OAP,2250,8
002_N2_ETOH_OAP,2280,8
002_N2_ETOH_OAP,2310,8
002_N2_ETOH_OAP,2340,8
002_N2_ETOH_OAP,2370,8
002_N2_ETOH_OAP,2400,8
002_N2_ETOH_OAP,2430,8
002_N2_ETOH_OAP,2460,8
002_N2_ETOH_OAP,2490,8
002_N2_ETOH_OAP,2520,8
002_N2_ETOH_OAP,2550,8
002_N2_ETOH_OAP,2580,8
002_N2_ETOH_OAP,2610,8
002_N2_ETOH_OAP,2640,8
002_N2_ETOH_OAP,2670,8
002_N2_ETOH_OAP,2700,8
002_N2_ETOH_OAP,2730,8
002_N2_ETOH_OAP,2760,8
002_N2_ETOH_OAP,2790,8
002_N2_ETOH_OAP,2820,8
002_N2_ETOH_OAP,2850,8
002_N2_ETOH_OAP,2880,8
002_N2_ETOH_OAP,2910,8
002_N2_ETOH_OAP,2940,8
002_N2_ETOH_OAP,2970,8
002_N2_ETOH_OAP,3000,8
002_N2_ETOH_OAP,3030,8
002_N2_ETOH_OAP,3060,8
002_N2_ETOH_OAP,3090,8
002_N2_ETOH_OAP,3120,8
002_N2_ETOH_OAP,3150,8
002_N2_ETOH_OAP,3180,8
002_N2_ETOH_OAP,3210,8
002_N2_ETOH_OAP,3240,8
002_N2_ETOH_OAP,3270,8
002_N2_ETOH_OAP,3300,8
002_N2_ETOH_OAP,3330,8
002_N2_ETOH_OAP,3360,8
002_N2_ETOH_OAP,3390,8
002_N2_ETOH_OAP,3420,8
002_N2_ETOH_OAP,3450,8
002_N2_ETOH_OAP,3480,8
002_N2_ETOH_OAP,3510,8
002_N2_ETOH_OAP,3540,8
002_N2_ETOH_OAP,3570,8
002_N2_ETOH_OAP,3600,8
002_N2_ETOH_OAP,3630,8
002_N2_ETOH_OAP,3660,8
002_N2_ETOH_OAP,3690,8
002_N2_ETOH_OAP,3720,8
002_N2_ETOH_OAP,3750,8
002_N2_ETOH_OAP,3780,8
002_N2_ETOH_OAP,3810,8
002_N2_ETOH_OAP,3840,8
002_N2_ETOH_OAP,3870,8
002_N2_ETOH_OAP,3900,8
002_N2_ETOH_OAP,3930,8
002_N2_ETOH_OAP,3960,8
002_N2_ETOH_OAP,3990,8
002_N2_ETOH_OAP,4020,8
002_N2_ETOH_OAP,4050,8
002_N2_ETOH_OAP,4080,8
002_N2_ETOH_OAP,4110,8
002_N2_ETOH_OAP,4140,8
002_N2_ETOH_OAP,4170,8
002_N2_ETOH_OAP,4200,8
002_N2_ETOH_OAP,4230,8
002_N2_ETOH_OAP,4260,8
002_N2_ETOH_OAP,4290,8
002_N2_ETOH_OAP,4320,8
002_N2_ETOH_OAP,4350,8
002_N2_ETOH_OAP,4380,8
002_N2_ETOH_OAP,4410,8
002_N2_ETOH_OAP,4440,8
002_N2_ETOH_OAP,4470,8
002_N2_ETOH_OAP,4500,8
002_N2_ETOH_OAP,4530,8
002_N2_ETOH_OAP,4560,8
002_N2_ETOH_OAP,4590,8
002_N2_ETOH_OAP,4620,8
002_N2_ETOH_OAP,4650,8
002_N2_ETOH_OAP,4680,8
002_N2_ETOH_OAP,4710,8
002_N2_ETOH_OAP,4740,8
002_N2_ETOH_OAP,4770,8
002_N2_ETOH_OAP,4800,8
002_N2_ETOH_OAP,4830,8
002_N2_ETOH_OAP,4860,8
002_N2_ETOH_OAP,4890,8
002_N2_ETOH_OAP,4920,8
002_N2_ETOH_OAP,4950,8
002_N2_ETOH_OAP,4980,8
002_N2_ETOH_OAP,5010,8
002_N2_ETOH_OAP,5040,8
002_N2_ETOH_OAP,5070,8
002_N2_ETOH_OAP,5100,8
002_N2_ETOH_OAP,5130,8
002_N2_ETOH_OAP,5160,8
002_N2_ETOH_OAP,5190,8
002_N2_ETOH_OAP,5220,8
002_N2_ETOH_OAP,5250,8
003_N2_RV_OAP,210,8
003_N2_RV_OAP,240,8
003_N2_RV_OAP,270,8
003_N2_RV_OAP,300,8
003_N2_RV_OAP,330,8
003_N2_RV_OAP,360,8
003_N2_RV_OAP,390,8
003_N2_RV_OAP,420,8
003_N2_RV_OAP,450,8
003_N2_RV_OAP,480,8
003_N2_RV_OAP,510,8
003_N2_RV_OAP,540,8
003_N2_RV_OAP,570,8
003_N2_RV_OAP,600,8
003_N2_RV_OAP,630,8
003_N2_RV_OAP,660,8
003_N2_RV_OAP,690,8
003_N2_RV_OAP,720,8
003_N2_RV_OAP,750,8
003_N2_RV_OAP,780,8
003_N2_RV_OAP,810,8
003_N2_RV_OAP,840,8
003_N2_RV_OAP,870,8
003_N2_RV_OAP,900,8
003_N2_RV_OAP,930,8
003_N2_RV_OAP,960,8
003_N2_RV_OAP,990,8
003_N2_RV_OAP,1020,8
003_N2_RV_OAP,1050,8
003_N2_RV_OAP,1080,8
003_N2_RV_OAP,1110,8
003_N2_RV_OAP,1140,8
003_N2_RV_OAP,1170,8
003_N2_RV_OAP,1200,8
003_N2_RV_OAP,1230,8
003_N2_RV_OAP,1260,8
003_N2_RV_OAP,1290,8
003_N2_RV_OAP,1320,8
003_N2_RV_OAP,1350,8
003_N2_RV_OAP,1380,8
003_N2_RV_OAP,1410,8
003_N2_RV_OAP,1440,8
003_N2_RV_OAP,1470,8
003_N2_RV_OAP,1500,8
003_N2_RV_OAP,1530,8
003_N2_RV_OAP,1560,8
003_N2_RV_OAP,1590,8
003_N2_RV_OAP,1620,8
003_N2_RV_OAP,1650,8
003_N2_RV_OAP,1680,8
003_N2_RV_OAP,1710,8
003_N2_RV_OAP,1740,8
003_N2_RV_OAP,1770,8
003_N2_RV_OAP,1800,8
003_N2_RV_OAP,1830,8
003_N2_RV_OAP,1860,8
003_N2_RV_OAP,1890,8
003_N2_RV_OAP,1920,8
003_N2_RV_OAP,1950,8
003_N2_RV_OAP,1980,8
003_N2_RV_OAP,2010,8
003_N2_RV_OAP,2040,8
003_N2_RV_OAP,2070,8
003_N2_RV_OAP,2100,8
003_N2_RV_OAP,2130,8
003_N2_RV_OAP,2160,8
003_N2_RV_OAP,2190,8
003_N2_RV_OAP,2220,8
003_N2_RV_OAP,2250,8
003_N2_RV_OAP,2280,8
003_N2_RV_OAP,2310,8
003_N2_RV_OAP,2340,8
003_N2_RV_OAP,2370,8
003_N2_RV_OAP,2400,8
003_N2_RV_OAP,2430,8
003_N2_RV_OAP,2460,8
003_N2_RV_OAP,2490,8
003_N2_RV_OAP,2520,8
003_N2_RV_OAP,2550,8
003_N2_RV_OAP,2580,8
003_N2_RV_OAP,2610,8
003_N2_RV_OAP,2640,8
003_N2_RV_OAP,2670,8
003_N2_RV_OAP,2700,8
003_N2_RV_OAP,2730,8
003_N2_RV_OAP,2760,8
003_N2_RV_OAP,2790,8
003_N2_RV_OAP,2820,8
003_N2_RV_OAP,2850,8
003_N2_RV_OAP,2880,8
003_N2_RV_OAP,2910,8
003_N2_RV_OAP,2940,8
003_N2_RV_OAP,2970,8
003_N2_RV_OAP,3000,8
003_N2_RV_OAP,3030,8
003_N2_RV_OAP,3060,8
003_N2_RV_OAP,3090,8
003_N2_RV_OAP,3120,8
003_N2_RV_OAP,3150,8
003_N2_RV_OAP,3180,8
003_N2_RV_OAP,3210,8
003_N2_RV_OAP,3240,8
003_N2_RV_OAP,3270,8
003_N2_RV_OAP,3300,8
003_N2_RV_OAP,3330,8
003_N2_RV_OAP,3360,8
003_N2_RV_OAP,3390,8
003_N2_RV_OAP,3420,8
003_N2_RV_OAP,3450,8
003_N2_RV_OAP,3480,8
003_N2_RV_OAP,3510,8
003_N2_RV_OAP,3540,8
003_N2_RV_OAP,3570,8
003_N2_RV_OAP,3600,8
003_N2_RV_OAP,3630,8
003_N2_RV_OAP,3660,8
003_N2_RV_OAP,3690,8
003_N2_RV_OAP,3720,8
003_N2_RV_OAP,3750,8
003_N2_RV_OAP,3780,8
003_N2_RV_OAP,3810,8
003_N2_RV_OAP,3840,8
003_N2_RV_OAP,3870,8
003_N2_RV_OAP,3900,8
003_N2_RV_OAP,3930,8
003_N2_RV_OAP,3960,8
003_N2_RV_OAP,3990,8
003_N2_RV_OAP,4020,8
003_N2_RV_OAP,4050,8
003_N2_RV_OAP,4080,8
003_N2_RV_OAP,4110,8
003_N2_RV_OAP,4140,8
003_N2_RV_OAP,4170,8
003_N2_RV_OAP,4200,8
003_N2_RV_OAP,4230,8
003_N2_RV_OAP,4260,8
003_N2_RV_OAP,4290,8
003_N2_RV_OAP,4320,8
003_N2_RV_OAP,4350,8
003_N2_RV_OAP,4380,8
003_N2_RV_OAP,4410,8
003_N2_RV_OAP,4440,8
003_N2_RV_OAP,4470,8
003_N2_RV_OAP,4500,8
003_N2_RV_OAP,4530,8
003_N2_RV_OAP,4560,8
003_N2_RV_OAP,4590,8
003_N2_RV_OAP,4620,8
003_N2_RV_OAP,4650,8
003_N2_RV_OAP,4680,8
003_N2_RV_OAP,4710,8
003_N2_RV_OAP,4740,8
003_N2_RV_OAP,4770,8
003_N2_RV_OAP,4800,8
003_N2_RV_OAP,4830,8
003_N2_RV_OAP,4860,8
003_N2_RV_OAP,4890,8
003_N2_RV_OAP,4920,8
003_N2_RV_OAP,4950,8
003_N2_RV_OAP,4980,8
003_N2_RV_OAP,5010,8
003_N2_RV_OAP,5040,8
003_N2_RV_OAP,5070,8
003_N2_RV_OAP,5100,8
003_N2_RV_OAP,5130,8
003_N2_RV_OAP,5160,8
003_N2_RV_OAP,5190,8
003_N2_RV_OAP,5220,8
003_N2_RV_OAP,5250,8
004_N2_YS_OAP,210,8
004_N2_YS_OAP,240,8
004_N2_YS_OAP,270,8
004_N2_YS_OAP,300,8
004_N2_YS_OAP,330,8
004_N2_YS_OAP,360,8
004_N2_YS_OAP,390,8
004_N2_YS_OAP,420,8
004_N2_YS_OAP,450,8
004_N2_YS_OAP,480,8
004_N2_YS_OAP,510,8
004_N2_YS_OAP,540,8
004_N2_YS_OAP,570,8
004_N2_YS_OAP,600,8
004_N2_YS_OAP,630,8
004_N2_YS_OAP,660,8
004_N2_YS_OAP,690,8
004_N2_YS_OAP,720,8
004_N2_YS_OAP,750,8
004_N2_YS_OAP,780,8
004_N2_YS_OAP,810,8
004_N2_YS_OAP,840,8
004_N2_YS_OAP,870,8
004_N2_YS_OAP,900,8
004_N2_YS_OAP,930,8
004_N2_YS_OAP,960,8
004_N2_YS_OAP,990,8
004_N2_YS_OAP,1020,8
004_N2_YS_OAP,1050,8
004_N2_YS_OAP,1080,8
004_N2_YS_OAP,1110,8
004_N2_YS_OAP,1140,8
004_N2_YS_OAP,1170,8
004_N2_YS_OAP,1200,8
004_N2_YS_OAP,1230,8
004_N2_YS_OAP,1260,8
004_N2_YS_OAP,1290,8
004_N2_YS_OAP,1320,8
004_N2_YS_OAP,1350,8
004_N2_YS_OAP,1380,8
004_N2_YS_OAP,1410,8
004_N2_YS_OAP,1440,8
004_N2_YS_OAP,1470,8
004_N2_YS_OAP,1500,8
004_N2_YS_OAP,1530,8
004_N2_YS_OAP,1560,8
004_N2_YS_OAP,1590,8
004_N2_YS_OAP,1620,8
004_N2_YS_OAP,1650,8
004_N2_YS_OAP,1680,8
004_N2_YS_OAP,1710,8
004_N2_YS_OAP,1740,8
004_N2_YS_OAP,1770,8
004_N2_YS_OAP,1800,8
004_N2_YS_OAP,1830,8
004_N2_YS_OAP,1860,8
004_N2_YS_OAP,1890,8
004_N2_YS_OAP,1920,8
004_N2_YS_OAP,1950,8
004_N2_YS_OAP,1980,8
004_N2_YS_OAP,2010,8
004_N2_YS_OAP,2040,8
004_N2_YS_OAP,2070,8
004_N2_YS_OAP,2100,8
004_N2_YS_OAP,2130,8
004_N2_YS_OAP,2160,8
004_N2_YS_OAP,2190,8
004_N2_YS_OAP,2220,8
004_N2_YS_OAP,2250,8
004_N2_YS_OAP,2280,8
004_N2_YS_OAP,2310,8
004_N2_YS_OAP,2340,8
004_N2_YS_OAP,2370,8
004_N2_YS_OAP,2400,8
004_N2_YS_OAP,2430,8
004_N2_YS_OAP,2460,8
004_N2_YS_OAP,2490,8
004_N2_YS_OAP,2520,8
004_N2_YS_OAP,2550,8
004_N2_YS_OAP,2580,8
004_N2_YS_OAP,2610,8
004_N2_YS_OAP,2640,8
004_N2_YS_OAP,2670,8
004_N2_YS_OAP,2700,8
004_N2_YS_OAP,2730,8
004_N2_YS_OAP,2760,8
004_N2_YS_OAP,2790,8
004_N2_YS_OAP,2820,8
004_N2_YS_OAP,2850,8
004_N2_YS_OAP,2880,8
004_N2_YS_OAP,2910,8
004_N2_YS_OAP,2940,8
004_N2_YS_OAP,2970,8
004_N2_YS_OAP,3000,8
004_N2_YS_OAP,3030,8
004_N2_YS_OAP,3060,8
004_N2_YS_OAP,3090,8
004_N2_YS_OAP,3120,8
004_N2_YS_OAP,3150,8
004_N2_YS_OAP,3180,8
004_N2_YS_OAP,3210,8
004_N2_YS_OAP,3240,8
004_N2_YS_OAP,3270,8
004_N2_YS_OAP,3300,8
004_N2_YS_OAP,3330,8
004_N2_YS_OAP,3360,8
004_N2_YS_OAP,3390,8
004_N2_YS_OAP,3420,8
004_N2_YS_OAP,3450,8
004_N2_YS_OAP,3480,8
004_N2_YS_OAP,3510,8
004_N2_YS_OAP,3540,8
004_N2_YS_OAP,3570,8
004_N2_YS_OAP,3600,8
004_N2_YS_OAP,3630,8
004_N2_YS_OAP,3660,8
004_N2_YS_OAP,3690,8
004_N2_YS_OAP,3720,8
004_N2_YS_OAP,3750,8
004_N2_YS_OAP,3780,8
004_N2_YS_OAP,3810,8
004_N2_YS_OAP,3840,8
004_N2_YS_OAP,3870,8
004_N2_YS_OAP,3900,8
004_N2_YS_OAP,3930,8
004_N2_YS_OAP,3960,8
004_N2_YS_OAP,3990,8
004_N2_YS_OAP,4020,8
004_N2_YS_OAP,4050,8
004_N2_YS_OAP,4080,8
004_N2_YS_OAP,4110,8
004_N2_YS_OAP,4140,8
004_N2_YS_OAP,4170,8
004_N2_YS_OAP,4200,8
004_N2_YS_OAP,4230,8
004_N2_YS_OAP,4260,8
004_N2_YS_OAP,4290,8
004_N2_YS_OAP,4320,8
004_N2_YS_OAP,4350,8
004_N2_YS_OAP,4380,8
004_N2_YS_OAP,4410,8
004_N2_YS_OAP,4440,8
004_N2_YS_OAP,4470,8
004_N2_YS_OAP,4500,8
004_N2_YS_OAP,4530,8
004_N2_YS_OAP,4560,8
004_N2_YS_OAP,4590,8
004_N2_YS_OAP,4620,8
004_N2_YS_OAP,4650,8
004_N2_YS_OAP,4680,8
004_N2_YS_OAP,4710,8
004_N2_YS_OAP,4740,8
004_N2_YS_OAP,4770,8
004_N2_YS_OAP,4800,8
004_N2_YS_OAP,4830,8
004_N2_YS_OAP,4860,8
004_N2_YS_OAP,4890,8
004_N2_YS_OAP,4920,8
004_N2_YS_OAP,4950,8
004_N2_YS_OAP,4980,8
004_N2_YS_OAP,5010,8
004_N2_YS_OAP,5040,8
004_N2_YS_OAP,5070,8
004_N2_YS_OAP,5100,8
004_N2_YS_OAP,5130,8
004_N2_YS_OAP,5160,8
004_N2_YS_OAP,5190,8
004_N2_YS_OAP,5220,8
004_N2_YS_OAP,5250,8
005_N2_NT_KID,210,8
005_N2_NT_KID,240,8
005_N2_NT_KID,270,8
005_N2_NT_KID,300,8
005_N2_NT_KID,330,8
005_N2_NT_KID,360,8
005_N2_NT_KID,390,8
005_N2_NT_KID,420,8
005_N2_NT_KID,450,8
005_N2_NT_KID,480,8
005_N2_NT_KID,510,8
005_N2_NT_KID,540,8
005_N2_NT_KID,570,8
005_N2_NT_KID,600,8
005_N2_NT_KID,630,8
005_N2_NT_KID,660,8
005_N2_NT_KID,690,8
005_N2_NT_KID,720,8
005_N2_NT_KID,750,8
005_N2_NT_KID,780,8
005_N2_NT_KID,810,8
005_N2_NT_KID,840,8
005_N2_NT_KID,870,8
005_N2_NT_KID,900,8
005_N2_NT_KID,930,8
005_N2_NT_KID,960,8
005_N2_NT_KID,990,8
005_N2_NT_KID,1020,8
005_N2_NT_KID,1050,8
005_N2_NT_KID,1080,8
005_N2_NT_KID,1110,8
005_N2_NT_KID,1140,8
005_N2_NT_KID,1170,8
005_N2_NT_KID,1200,8
005_N2_NT_KID,1230,8
005_N2_NT_KID,1260,8
005_N2_NT_KID,1290,8
005_N2_NT_KID,1320,8
005_N2_NT_KID,1350,8
005_N2_NT_KID,1380,8
005_N2_NT_KID,1410,8
005_N2_NT_KID,1440,8
005_N2_NT_KID,1470,8
005_N2_NT_KID,1500,8
005_N2_NT_KID,1530,8
005_N2_NT_KID,1560,8
005_N2_NT_KID,1590,8
005_N2_NT_KID,1620,8
005_N2_NT_KID,1650,8
005_N2_NT_KID,1680,8
005_N2_NT_KID,1710,8
005_N2_NT_KID,1740,8
005_N2_NT_KID,1770,8
005_N2_NT_KID,1800,8
005_N2_NT_KID,1830,8
005_N2_NT_KID,1860,8
005_N2_NT_KID,1890,8
005_N2_NT_KID,1920,8
005_N2_NT_KID,1950,8
005_N2_NT_KID,1980,8
005_N2_NT_KID,2010,8
005_N2_NT_KID,2040,8
005_N2_NT_KID,2070,8
005_N2_NT_KID,2100,8
005_N2_NT_KID,2130,8
005_N2_NT_KID,2160,8
005_N2_NT_KID,2190,8
005_N2_NT_KID,2220,8
005_N2_NT_KID,2250,8
005_N2_NT_KID,2280,8
005_N2_NT_KID,2310,8
005_N2_NT_KID,2340,8
005_N2_NT_KID,2370,8
005_N2_NT_KID,2400,8
005_N2_NT_KID,2430,8
005_N2_NT_KID,2460,8
005_N2_NT_KID,2490,8
005_N2_NT_KID,2520,8
005_N2_NT_KID,2550,8
005_N2_NT_KID,2580,8
005_N2_NT_KID,2610,8
005_N2_NT_KID,2640,8
005_N2_NT_KID,2670,8
005_N2_NT_KID,2700,8
005_N2_NT_KID,2730,8
005_N2_NT_KID,2760,8
005_N2_NT_KID,2790,8
005_N2_NT_KID,2820,8
005_N2_NT_KID,2850,8
005_N2_NT_KID,2880,8
005_N2_NT_KID,2910,8
005_N2_NT_KID,2940,8
005_N2_NT_KID,2970,8
005_N2_NT_KID,3000,8
005_N2_NT_KID,3030,8
005_N2_NT_KID,3060,8
005_N2_NT_KID,3090,8
005_N2_NT_KID,3120,8
005_N2_NT_KID,3150,8
005_N2_NT_KID,3180,8
005_N2_NT_KID,3210,8
005_N2_NT_KID,3240,8
005_N2_NT_KID,3270,8
005_N2_NT_KID,3300,8
005_N2_NT_KID,3330,8
005_N2_NT_KID,3360,8
005_N2_NT_KID,3390,8
005_N2_NT_KID,3420,8
005_N2_NT_KID,3450,8
005_N2_NT_KID,3480,8
005_N2_NT_KID,3510,8
005_N2_NT_KID,3540,8
005_N2_NT_KID,3570,8
005_N2_NT_KID,3600,8
005_N2_NT_KID,3630,8
005_N2_NT_KID,3660,8
005_N2_NT_KID,3690,8
005_N2_NT_KID,3720,8
005_N2_NT_KID,3750,8
005_N2_NT_KID,3780,8
005_N2_NT_KID,3810,8
005_N2_NT_KID,3840,8
005_N2_NT_KID,3870,8
005_N2_NT_KID,3900,8
005_N2_NT_KID,3930,8
005_N2_NT_KID,3960,8
005_N2_NT_KID,3990,8
005_N2_NT_KID,4020,8
005_N2_NT_KID,4050,8
005_N2_NT_KID,4080,8
005_N2_NT_KID,4110,8
005_N2_NT_KID,4140,8
005_N2_NT_KID,4170,8
005_N2_NT_KID,4200,8
005_N2_NT_KID,4230,8
005_N2_NT_KID,4260,8
005_N2_NT_KID,4290,8
005_N2_NT_KID,4320,8
005_N2_NT_KID,4350,8
005_N2_NT_KID,4380,8
005_N2_NT_KID,4410,8
005_N2_NT_KID,4440,8
005_N2_NT_KID,4470,8
005_N2_NT_KID,4500,8
005_N2_NT_KID,4530,8
005_N2_NT_KID,4560,8
005_N2_NT_KID,4590,8
005_N2_NT_KID,4620,8
005_N2_NT_KID,4650,8
005_N2_NT_KID,4680,8
005_N2_NT_KID,4710,8
005_N2_NT_KID,4740,8
005_N2_NT_KID,4770,8
005_N2_NT_KID,4800,8
005_N2_NT_KID,4830,8
005_N2_NT_KID,4860,8
005_N2_NT_KID,4890,8
005_N2_NT_KID,4920,8
005_N2_NT_KID,4950,8
005_N2_NT_KID,4980,8
005_N2_NT_KID,5010,8
005_N2_NT_KID,5040,8
005_N2_NT_KID,5070,8
005_N2_NT_KID,5100,8
005_N2_NT_KID,5130,8
005_N2_NT_KID,5160,8
005_N2_NT_KID,5190,8
005_N2_NT_KID,5220,8
005_N2_NT_KID,5250,8
006_N2_ETOH_KID,210,8
006_N2_ETOH_KID,240,8
006_N2_ETOH_KID,270,8
006_N2_ETOH_KID,300,8
006_N2_ETOH_KID,330,8
006_N2_ETOH_KID,360,8
006_N2_ETOH_KID,390,8
006_N2_ETOH_KID,420,8
006_N2_ETOH_KID,450,8
006_N2_ETOH_KID,480,8
006_N2_ETOH_KID,510,8
006_N2_ETOH_KID,540,8
006_N2_ETOH_KID,570,8
006_N2_ETOH_KID,600,8
006_N2_ETOH_KID,630,8
006_N2_ETOH_KID,660,8
006_N2_ETOH_KID,690,8
006_N2_ETOH_KID,720,8
006_N2_ETOH_KID,750,8
006_N2_ETOH_KID,780,8
006_N2_ETOH_KID,810,8
006_N2_ETOH_KID,840,8
006_N2_ETOH_KID,870,8
006_N2_ETOH_KID,900,8
006_N2_ETOH_KID,930,8
006_N2_ETOH_KID,960,8
006_N2_ETOH_KID,990,8
006_N2_ETOH_KID,1020,8
006_N2_ETOH_KID,1050,8
006_N2_ETOH_KID,1080,8
006_N2_ETOH_KID,1110,8
006_N2_ETOH_KID,1140,8
006_N2_ETOH_KID,1170,8
006_N2_ETOH_KID,1200,8
006_N2_ETOH_KID,1230,8
006_N2_ETOH_KID,1260,8
006_N2_ETOH_KID,1290,8
006_N2_ETOH_KID,1320,8
006_N2_ETOH_KID,1350,8
006_N2_ETOH_KID,1380,8
006_N2_ETOH_KID,1410,8
006_N2_ETOH_KID,1440,8
006_N2_ETOH_KID,1470,8
006_N2_ETOH_KID,1500,8
006_N2_ETOH_KID,1530,8
006_N2_ETOH_KID,1560,8
006_N2_ETOH_KID,1590,8
006_N2_ETOH_KID,1620,8
006_N2_ETOH_KID,1650,8
006_N2_ETOH_KID,1680,8
006_N2_ETOH_KID,1710,8
006_N2_ETOH_KID,1740,8
006_N2_ETOH_KID,1770,8
006_N2_ETOH_KID,1800,8
006_N2_ETOH_KID,1830,8
006_N2_ETOH_KID,1860,8
006_N2_ETOH_KID,1890,8
006_N2_ETOH_KID,1920,8
006_N2_ETOH_KID,1950,8
006_N2_ETOH_KID,1980,8
006_N2_ETOH_KID,2010,8
006_N2_ETOH_KID,2040,8
006_N2_ETOH_KID,2070,8
006_N2_ETOH_KID,2100,8
006_N2_ETOH_KID,2130,8
006_N2_ETOH_KID,2160,8
006_N2_ETOH_KID,2190,8
006_N2_ETOH_KID,2220,8
006_N2_ETOH_KID,2250,8
006_N2_ETOH_KID,2280,8
006_N2_ETOH_KID,2310,8
006_N2_ETOH_KID,2340,8
006_N2_ETOH_KID,2370,8
006_N2_ETOH_KID,2400,8
006_N2_ETOH_KID,2430,8
006_N2_ETOH_KID,2460,8
006_N2_ETOH_KID,2490,8
006_N2_ETOH_KID,2520,8
006_N2_ETOH_KID,2550,8
006_N2_ETOH_KID,2580,8
006_N2_ETOH_KID,2610,8
006_N2_ETOH_KID,2640,8
006_N2_ETOH_KID,2670,8
006_N2_ETOH_KID,2700,8
006_N2_ETOH_KID,2730,8
006_N2_ETOH_KID,2760,8
006_N2_ETOH_KID,2790,8
006_N2_ETOH_KID,2820,8
006_N2_ETOH_KID,2850,8
006_N2_ETOH_KID,2880,8
006_N2_ETOH_KID,2910,8
006_N2_ETOH_KID,2940,8
006_N2_ETOH_KID,2970,8
006_N2_ETOH_KID,3000,8
006_N2_ETOH_KID,3030,8
006_N2_ETOH_KID,3060,8
006_N2_ETOH_KID,3090,8
006_N2_ETOH_KID,3120,8
006_N2_ETOH_KID,3150,8
006_N2_ETOH_KID,3180,8
006_N2_ETOH_KID,3210,8
006_N2_ETOH_KID,3240,8
006_N2_ETOH_KID,3270,8
006_N2_ETOH_KID,3300,8
006_N2_ETOH_KID,3330,8
006_N2_ETOH_KID,3360,8
006_N2_ETOH_KID,3390,8
006_N2_ETOH_KID,3420,8
006_N2_ETOH_KID,3450,8
006_N2_ETOH_KID,3480,8
006_N2_ETOH_KID,3510,8
006_N2_ETOH_KID,3540,8
006_N2_ETOH_KID,3570,8
006_N2_ETOH_KID,3600,8
006_N2_ETOH_KID,3630,8
006_N2_ETOH_KID,3660,8
006_N2_ETOH_KID,3690,8
006_N2_ETOH_KID,3720,8
006_N2_ETOH_KID,3750,8
006_N2_ETOH_KID,3780,8
006_N2_ETOH_KID,3810,8
006_N2_ETOH_KID,3840,8
006_N2_ETOH_KID,3870,8
006_N2_ETOH_KID,3900,8
006_N2_ETOH_KID,3930,8
006_N2_ETOH_KID,3960,8
006_N2_ETOH_KID,3990,8
006_N2_ETOH_KID,4020,8
006_N2_ETOH_KID,4050,8
006_N2_ETOH_KID,4080,8
006_N2_ETOH_KID,4110,8
006_N2_ETOH_KID,4140,8
006_N2_ETOH_KID,4170,8
006_N2_ETOH_KID,4200,8
006_N2_ETOH_KID,4230,8
006_N2_ETOH_KID,4260,8
006_N2_ETOH_KID,4290,8
006_N2_ETOH_KID,4320,8
006_N2_ETOH_KID,4350,8
006_N2_ETOH_KID,4380,8
006_N2_ETOH_KID,4410,8
006_N2_ETOH_KID,4440,8
006_N2_ETOH_KID,4470,8
006_N2_ETOH_KID,4500,8
006_N2_ETOH_KID,4530,8
006_N2_ETOH_KID,4560,8
006_N2_ETOH_KID,4590,8
006_N2_ETOH_KID,4620,8
006_N2_ETOH_KID,4650,8
006_N2_ETOH_KID,4680,8
006_N2_ETOH_KID,4710,8
006_N2_ETOH_KID,4740,8
006_N2_ETOH_KID,4770,8
006_N2_ETOH_KID,4800,8
006_N2_ETOH_KID,4830,8
006_N2_ETOH_KID,4860,8
006_N2_ETOH_KID,4890,8
006_N2_ETOH_KID,4920,8
006_N2_ETOH_KID,4950,8
006_N2_ETOH_KID,4980,8
006_N2_ETOH_KID,5010,8
006_N2_ETOH_KID,5040,8
006_N2_ETOH_KID,5070,8
006_N2_ETOH_KID,5100,8
006_N2_ETOH_KID,5130,8
006_N2_ETOH_KID,5160,8
006_N2_ETOH_KID,5190,8
006_N2_ETOH_KID,5220,8
006_N2_ETOH_KID,5250,8
007_N2_RV_KID,210,8
007_N2_RV_KID,240,8
007_N2_RV_KID,270,8
007_N2_RV_KID,300,8
007_N2_RV_KID,330,8
007_N2_RV_KID,360,8
007_N2_RV_KID,390,8
007_N2_RV_KID,420,8
007_N2_RV_KID,450,8
007_N2_RV_KID,480,8
007_N2_RV_KID,510,8
007_N2_RV_KID,540,8
007_N2_RV_KID,570,8
007_N2_RV_KID,600,8
007_N2_RV_KID,630,8
007_N2_RV_KID,660,8
007_N2_RV_KID,690,8
007_N2_RV_KID,720,8
007_N2_RV_KID,750,8
007_N2_RV_KID,780,8
007_N2_RV_KID,810,8
007_N2_RV_KID,840,8
007_N2_RV_KID,870,8
007_N2_RV_KID,900,8
007_N2_RV_KID,930,8
007_N2_RV_KID,960,8
007_N2_RV_KID,990,8
007_N2_RV_KID,1020,8
007_N2_RV_KID,1050,8
007_N2_RV_KID,1080,8
007_N2_RV_KID,1110,8
007_N2_RV_KID,1140,8
007_N2_RV_KID,1170,8
007_N2_RV_KID,1200,8
007_N2_RV_KID,1230,8
007_N2_RV_KID,1260,8
007_N2_RV_KID,1290,8
007_N2_RV_KID,1320,8
007_N2_RV_KID,1350,8
007_N2_RV_KID,1380,8
007_N2_RV_KID,1410,8
007_N2_RV_KID,1440,8
007_N2_RV_KID,1470,8
007_N2_RV_KID,1500,8
007_N2_RV_KID,1530,8
007_N2_RV_KID,1560,8
007_N2_RV_KID,1590,8
007_N2_RV_KID,1620,8
007_N2_RV_KID,1650,8
007_N2_RV_KID,1680,8
007_N2_RV_KID,1710,8
007_N2_RV_KID,1740,8
007_N2_RV_KID,1770,8
007_N2_RV_KID,1800,8
007_N2_RV_KID,1830,8
007_N2_RV_KID,1860,8
007_N2_RV_KID,1890,8
007_N2_RV_KID,1920,8
007_N2_RV_KID,1950,8
007_N2_RV_KID,1980,8
007_N2_RV_KID,2010,8
007_N2_RV_KID,2040,8
007_N2_RV_KID,2070,8
007_N2_RV_KID,2100,8
007_N2_RV_KID,2130,8
007_N2_RV_KID,2160,8
007_N2_RV_KID,2190,8
007_N2_RV_KID,2220,8
007_N2_RV_KID,2250,8
007_N2_RV_KID,2280,8
007_N2_RV_KID,2310,8
007_N2_RV_KID,2340,8
007_N2_RV_KID,2370,8
007_N2_RV_KID,2400,8
007_N2_RV_KID,2430,8
007_N2_RV_KID,2460,8
007_N2_RV_KID,2490,8
007_N2_RV_KID,2520,8
007_N2_RV_KID,2550,8
007_N2_RV_KID,2580,8
007_N2_RV_KID,2610,8
007_N2_RV_KID,2640,8
007_N2_RV_KID,2670,8
007_N2_RV_KID,2700,8
007_N2_RV_KID,2730,8
007_N2_RV_KID,2760,8
007_N2_RV_KID,2790,8
007_N2_RV_KID,2820,8
007_N2_RV_KID,2850,8
007_N2_RV_KID,2880,8
007_N2_RV_KID,2910,8
007_N2_RV_KID,2940,8
007_N2_RV_KID,2970,8
007_N2_RV_KID,3000,8
007_N2_RV_KID,3030,8
007_N2_RV_KID,3060,8
007_N2_RV_KID,3090,8
007_N2_RV_KID,3120,8
007_N2_RV_KID,3150,8
007_N2_RV_KID,3180,8
007_N2_RV_KID,3210,8
007_N2_RV_KID,3240,8
007_N2_RV_KID,3270,8
007_N2_RV_KID,3300,8
007_N2_RV_KID,3330,8
007_N2_RV_KID,3360,8
007_N2_RV_KID,3390,8
007_N2_RV_KID,3420,8
007_N2_RV_KID,3450,8
007_N2_RV_KID,3480,8
007_N2_RV_KID,3510,8
007_N2_RV_KID,3540,8
007_N2_RV_KID,3570,8
007_N2_RV_KID,3600,8
007_N2_RV_KID,3630,8
007_N2_RV_KID,3660,8
007_N2_RV_KID,3690,8
007_N2_RV_KID,3720,8
007_N2_RV_KID,3750,8
007_N2_RV_KID,3780,8
007_N2_RV_KID,3810,8
007_N2_RV_KID,3840,8
007_N2_RV_KID,3870,8
007_N2_RV_KID,3900,8
007_N2_RV_KID,3930,8
007_N2_RV_KID,3960,8
007_N2_RV_KID,3990,8
007_N2_RV_KID,4020,8
007_N2_RV_KID,4050,8
007_N2_RV_KID,4080,8
007_N2_RV_KID,4110,8
007_N2_RV_KID,4140,8
007_N2_RV_KID,4170,8
007_N2_RV_KID,4200,8
007_N2_RV_KID,4230,8
007_N2_RV_KID,4260,8
007_N2_RV_KID,4290,8
007_N2_RV_KID,4320,8
007_N2_RV_KID,4350,8
007_N2_RV_KID,4380,8
007_N2_RV_KID,4410,8
007_N2_RV_KID,4440,8
007_N2_RV_KID,4470,8
007_N2_RV_KID,4500,8
007_N2_RV_KID,4530,8
007_N2_RV_KID,4560,8
007_N2_RV_KID,4590,8
007_N2_RV_KID,4620,8
007_N2_RV_KID,4650,8
007_N2_RV_KID,4680,8
007_N2_RV_KID,4710,8
007_N2_RV_KID,4740,8
007_N2_RV_KID,4770,8
007_N2_RV_KID,4800,8
007_N2_RV_KID,4830,8
007_N2_RV_KID,4860,8
007_N2_RV_KID,4890,8
007_N2_RV_KID,4920,8
007_N2_RV_KID,4950,8
007_N2_RV_KID,4980,8
007_N2_RV_KID,5010,8
007_N2_RV_KID,5040,8
007_N2_RV_KID,5070,8
007_N2_RV_KID,5100,8
007_N2_RV_KID,5130,8
007_N2_RV_KID,5160,8
007_N2_RV_KID,5190,8
007_N2_RV_KID,5220,8
007_N2_RV_KID,5250,8
008_NT_YS_KID,210,8
008_NT_YS_KID,240,8
008_NT_YS_KID,270,8
008_NT_YS_KID,300,8
008_NT_YS_KID,330,8
008_NT_YS_KID,360,8
008_NT_YS_KID,390,8
008_NT_YS_KID,420,8
008_NT_YS_KID,450,8
008_NT_YS_KID,480,8
008_NT_YS_KID,510,8
008_NT_YS_KID,540,8
008_NT_YS_KID,570,8
008_NT_YS_KID,600,8
008_NT_YS_KID,630,8
008_NT_YS_KID,660,8
008_NT_YS_KID,690,8
008_NT_YS_KID,720,8
008_NT_YS_KID,750,8
008_NT_YS_KID,780,8
008_NT_YS_KID,810,8
008_NT_YS_KID,840,8
008_NT_YS_KID,870,8
008_NT_YS_KID,900,8
008_NT_YS_KID,930,8
008_NT_YS_KID,960,8
008_NT_YS_KID,990,8
008_NT_YS_KID,1020,8
008_NT_YS_KID,1050,8
008_NT_YS_KID,1080,8
008_NT_YS_KID,1110,8
008_NT_YS_KID,1140,8
008_NT_YS_KID,1170,8
008_NT_YS_KID,1200,8
008_NT_YS_KID,1230,8
008_NT_YS_KID,1260,8
008_NT_YS_KID,1290,8
008_NT_YS_KID,1320,8
008_NT_YS_KID,1350,8
008_NT_YS_KID,1380,8
008_NT_YS_KID,1410,8
008_NT_YS_KID,1440,8
008_NT_YS_KID,1470,8
008_NT_YS_KID,1500,8
008_NT_YS_KID,1530,8
008_NT_YS_KID,1560,8
008_NT_YS_KID,1590,8
008_NT_YS_KID,1620,8
008_NT_YS_KID,1650,8
008_NT_YS_KID,1680,8
008_NT_YS_KID,1710,8
008_NT_YS_KID,1740,8
008_NT_YS_KID,1770,8
008_NT_YS_KID,1800,8
008_NT_YS_KID,1830,8
008_NT_YS_KID,1860,8
008_NT_YS_KID,1890,8
008_NT_YS_KID,1920,8
008_NT_YS_KID,1950,8
008_NT_YS_KID,1980,8
008_NT_YS_KID,2010,8
008_NT_YS_KID,2040,8
008_NT_YS_KID,2070,8
008_NT_YS_KID,2100,8
008_NT_YS_KID,2130,8
008_NT_YS_KID,2160,8
008_NT_YS_KID,2190,8
008_NT_YS_KID,2220,8
008_NT_YS_KID,2250,8
008_NT_YS_KID,2280,8
008_NT_YS_KID,2310,8
008_NT_YS_KID,2340,8
008_NT_YS_KID,2370,8
008_NT_YS_KID,2400,8
008_NT_YS_KID,2430,8
008_NT_YS_KID,2460,8
008_NT_YS_KID,2490,8
008_NT_YS_KID,2520,8
008_NT_YS_KID,2550,8
008_NT_YS_KID,2580,8
008_NT_YS_KID,2610,8
008_NT_YS_KID,2640,8
008_NT_YS_KID,2670,8
008_NT_YS_KID,2700,8
008_NT_YS_KID,2730,8
008_NT_YS_KID,2760,8
008_NT_YS_KID,2790,8
008_NT_YS_KID,2820,8
008_NT_YS_KID,2850,8
008_NT_YS_KID,2880,8
008_NT_YS_KID,2910,8
008_NT_YS_KID,2940,8
008_NT_YS_KID,2970,8
008_NT_YS_KID,3000,8
008_NT_YS_KID,3030,8
008_NT_YS_KID,3060,8
008_NT_YS_KID,3090,8
008_NT_YS_KID,3120,8
008_NT_YS_KID,3150,8
008_NT_YS_KID,3180,8
008_NT_YS_KID,3210,8
008_NT_YS_KID,3240,8
008_NT_YS_KID,3270,8
008_NT_YS_KID,3300,8
008_NT_YS_KID,3330,8
008_NT_YS_KID,3360,8
008_NT_YS_KID,3390,8
008_NT_YS_KID,3420,8
008_NT_YS_KID,3450,8
008_NT_YS_KID,3480,8
008_NT_YS_KID,3510,8
008_NT_YS_KID,3540,8
008_NT_YS_KID,3570,8
008_NT_YS_KID,3600,8
008_NT_YS_KID,3630,8
008_NT_YS_KID,3660,8
008_NT_YS_KID,3690,8
008_NT_YS_KID,3720,8
008_NT_YS_KID,3750,8
008_NT_YS_KID,3780,8
008_NT_YS_KID,3810,8
008_NT_YS_KID,3840,8
008_NT_YS_KID,3870,8
008_NT_YS_KID,3900,8
008_NT_YS_KID,3930,8
008_NT_YS_KID,3960,8
008_NT_YS_KID,3990,8
008_NT_YS_KID,4020,8
008_NT_YS_KID,4050,8
008_NT_YS_KID,4080,8
008_NT_YS_KID,4110,8
008_NT_YS_KID,4140,8
008_NT_YS_KID,4170,8
008_NT_YS_KID,4200,8
008_NT_YS_KID,4230,8
008_NT_YS_KID,4260,8
008_NT_YS_KID,4290,8
008_NT_YS_KID,4320,8
008_NT_YS_KID,4350,8
008_NT_YS_KID,4380,8
008_NT_YS_KID,4410,8
008_NT_YS_KID,4440,8
008_NT_YS_KID,4470,8
008_NT_YS_KID,4500,8
008_NT_YS_KID,4530,8
008_NT_YS_KID,4560,8
008_NT_YS_KID,4590,8
008_NT_YS_KID,4620,8
008_NT_YS_KID,4650,8
008_NT_YS_KID,4680,8
008_NT_YS_KID,4710,8
008_NT_YS_KID,4740,8
008_NT_YS_KID,4770,8
008_NT_YS_KID,4800,8
008_NT_YS_KID,4830,8
008_NT_YS_KID,4860,8
008_NT_YS_KID,4890,8
008_NT_YS_KID,4920,8
008_NT_YS_KID,4950,8
008_NT_YS_KID,4980,8
008_NT_YS_KID,5010,8
008_NT_YS_KID,5040,8
008_NT_YS_KID,5070,8
008_NT_YS_KID,5100,8
008_NT_YS_KID,5130,8
008_NT_YS_KID,5160,8
008_NT_YS_KID,5190,8
008_NT_YS_KID,5220,8
008_NT_YS_KID,5250,8
